insert into Users (Id, FirstName, LastName, Password, Username, CreatedAt, ModifiedAt, ModifiedBy, RoleID, ScheduleID , DepartmentID) values (1, 'Marci', 'Pinhorn', 'TTNidK', 'mpinhorn0', '2/26/2022', '10/7/2022', 1, 1, 1, 1);
insert into Users (Id, FirstName, LastName, Password, Username, CreatedAt, ModifiedAt, ModifiedBy, RoleID, ScheduleID , DepartmentID) values (2, 'Verne', 'Spykins', 'NRginS', 'vspykins1', '4/15/2022', '6/29/2022', 2, 2, 2, 2);
insert into Users (Id, FirstName, LastName, Password, Username, CreatedAt, ModifiedAt, ModifiedBy, RoleID, ScheduleID , DepartmentID) values (3, 'Granville', 'Ply', 'bZ3fUvTZsoV', 'gply2', '4/15/2022', '4/2/2022', 3, 3, 3, 3);
insert into Users (Id, FirstName, LastName, Password, Username, CreatedAt, ModifiedAt, ModifiedBy, RoleID, ScheduleID , DepartmentID) values (4, 'Heida', 'Banford', 'fbvevRVwXC1V', 'hbanford3', '12/27/2022', '7/17/2022', 4, 4, 4, 4);
insert into Users (Id, FirstName, LastName, Password, Username, CreatedAt, ModifiedAt, ModifiedBy, RoleID, ScheduleID , DepartmentID) values (5, 'Bobby', 'Chowne', 'SzS81P2ZGzP9', 'bchowne4', '6/27/2022', '5/3/2022', 5, 5, 5, 5);
insert into Users (Id, FirstName, LastName, Password, Username, CreatedAt, ModifiedAt, ModifiedBy, RoleID, ScheduleID , DepartmentID) values (6, 'Carrol', 'Kobiela', 'IhDFX2', 'ckobiela5', '5/27/2022', '11/12/2022', 6, 6, 6, 6);
insert into Users (Id, FirstName, LastName, Password, Username, CreatedAt, ModifiedAt, ModifiedBy, RoleID, ScheduleID , DepartmentID) values (7, 'Rolando', 'Sabbatier', 'QbfKndod1qxS', 'rsabbatier6', '6/1/2022', '10/20/2022', 7, 7, 7, 7);
insert into Users (Id, FirstName, LastName, Password, Username, CreatedAt, ModifiedAt, ModifiedBy, RoleID, ScheduleID , DepartmentID) values (8, 'Tine', 'Malimoe', 'x6EJDR', 'tmalimoe7', '9/30/2022', '1/4/2023', 8, 8, 8, 8);
insert into Users (Id, FirstName, LastName, Password, Username, CreatedAt, ModifiedAt, ModifiedBy, RoleID, ScheduleID , DepartmentID) values (9, 'Codi', 'Colaco', 'BX40znnhMe', 'ccolaco8', '7/19/2022', '6/21/2022', 9, 9, 9, 9);
insert into Users (Id, FirstName, LastName, Password, Username, CreatedAt, ModifiedAt, ModifiedBy, RoleID, ScheduleID , DepartmentID) values (10, 'Sayers', 'Titcombe', 'npQMMW', 'stitcombe9', '2/12/2023', '6/9/2022', 10, 10, 10, 10);
insert into Users (Id, FirstName, LastName, Password, Username, CreatedAt, ModifiedAt, ModifiedBy, RoleID, ScheduleID , DepartmentID) values (11, 'Martguerita', 'Carsey', 'P7Z2rX', 'mcarseya', '4/8/2022', '5/19/2022', 11, 11, 11, 11);
insert into Users (Id, FirstName, LastName, Password, Username, CreatedAt, ModifiedAt, ModifiedBy, RoleID, ScheduleID , DepartmentID) values (12, 'Roley', 'Pirazzi', 'zc1OjXYAb', 'rpirazzib', '8/24/2022', '9/23/2022', 12, 12, 12, 12);
insert into Users (Id, FirstName, LastName, Password, Username, CreatedAt, ModifiedAt, ModifiedBy, RoleID, ScheduleID , DepartmentID) values (13, 'Anstice', 'Chuney', 'ovioyIr', 'achuneyc', '5/14/2022', '7/21/2022', 13, 13, 13, 13);
insert into Users (Id, FirstName, LastName, Password, Username, CreatedAt, ModifiedAt, ModifiedBy, RoleID, ScheduleID , DepartmentID) values (14, 'Darryl', 'Markushkin', 'nlwsYB5', 'dmarkushkind', '9/15/2022', '10/25/2022', 14, 14, 14, 14);
insert into Users (Id, FirstName, LastName, Password, Username, CreatedAt, ModifiedAt, ModifiedBy, RoleID, ScheduleID , DepartmentID) values (15, 'Isidore', 'Baddoe', 'IkE9OHgJu6DW', 'ibaddoee', '10/12/2022', '11/18/2022', 15, 15, 15, 15);
insert into Users (Id, FirstName, LastName, Password, Username, CreatedAt, ModifiedAt, ModifiedBy, RoleID, ScheduleID , DepartmentID) values (16, 'Krystle', 'MacIllrick', 'fYglqY6', 'kmacillrickf', '8/23/2022', '7/2/2022', 16, 16, 16, 16);
insert into Users (Id, FirstName, LastName, Password, Username, CreatedAt, ModifiedAt, ModifiedBy, RoleID, ScheduleID , DepartmentID) values (17, 'Madlin', 'Morcom', 'eInNvqTqjsjo', 'mmorcomg', '6/6/2022', '4/18/2022', 17, 17, 17, 17);
insert into Users (Id, FirstName, LastName, Password, Username, CreatedAt, ModifiedAt, ModifiedBy, RoleID, ScheduleID , DepartmentID) values (18, 'Marybelle', 'Zahor', 'fnN51mLPJ7e', 'mzahorh', '9/7/2022', '12/5/2022', 18, 18, 18, 18);
insert into Users (Id, FirstName, LastName, Password, Username, CreatedAt, ModifiedAt, ModifiedBy, RoleID, ScheduleID , DepartmentID) values (19, 'Aubert', 'Sansun', 'mbBGmNcIHI7Q', 'asansuni', '1/28/2023', '6/11/2022', 19, 19, 19, 19);
insert into Users (Id, FirstName, LastName, Password, Username, CreatedAt, ModifiedAt, ModifiedBy, RoleID, ScheduleID , DepartmentID) values (20, 'Becca', 'Stoop', 'VgKNpkiPj28', 'bstoopj', '8/21/2022', '4/21/2022', 20, 20, 20, 20);
insert into Users (Id, FirstName, LastName, Password, Username, CreatedAt, ModifiedAt, ModifiedBy, RoleID, ScheduleID , DepartmentID) values (21, 'Joshuah', 'Bullimore', 'iAIaJ3ifjCMW', 'jbullimorek', '9/6/2022', '3/8/2022', 21, 21, 21, 21);
insert into Users (Id, FirstName, LastName, Password, Username, CreatedAt, ModifiedAt, ModifiedBy, RoleID, ScheduleID , DepartmentID) values (22, 'Sayer', 'Crasford', '0L35A8c', 'scrasfordl', '11/14/2022', '12/8/2022', 22, 22, 22, 22);
insert into Users (Id, FirstName, LastName, Password, Username, CreatedAt, ModifiedAt, ModifiedBy, RoleID, ScheduleID , DepartmentID) values (23, 'Venus', 'Albiston', 'HCtQHOtzJud', 'valbistonm', '10/16/2022', '1/1/2023', 23, 23, 23, 23);
insert into Users (Id, FirstName, LastName, Password, Username, CreatedAt, ModifiedAt, ModifiedBy, RoleID, ScheduleID , DepartmentID) values (24, 'Marybeth', 'Sweatman', 'u6gm1PX', 'msweatmann', '5/22/2022', '1/7/2023', 24, 24, 24, 24);
insert into Users (Id, FirstName, LastName, Password, Username, CreatedAt, ModifiedAt, ModifiedBy, RoleID, ScheduleID , DepartmentID) values (25, 'Sybille', 'Clapton', 'C294ZTn', 'sclaptono', '2/10/2023', '5/21/2022', 25, 25, 25, 25);
insert into Users (Id, FirstName, LastName, Password, Username, CreatedAt, ModifiedAt, ModifiedBy, RoleID, ScheduleID , DepartmentID) values (26, 'Crystal', 'Gerg', 'Diz2vcRY2', 'cgergp', '10/3/2022', '11/25/2022', 26, 26, 26, 26);
insert into Users (Id, FirstName, LastName, Password, Username, CreatedAt, ModifiedAt, ModifiedBy, RoleID, ScheduleID , DepartmentID) values (27, 'Elenore', 'Labrone', 'CAJQPN2H9j7W', 'elabroneq', '2/2/2023', '10/9/2022', 27, 27, 27, 27);
insert into Users (Id, FirstName, LastName, Password, Username, CreatedAt, ModifiedAt, ModifiedBy, RoleID, ScheduleID , DepartmentID) values (28, 'Suzann', 'Heald', 'OftFBs', 'shealdr', '3/4/2022', '8/30/2022', 28, 28, 28, 28);
insert into Users (Id, FirstName, LastName, Password, Username, CreatedAt, ModifiedAt, ModifiedBy, RoleID, ScheduleID , DepartmentID) values (29, 'Juliet', 'MacGuiness', 'xA8Cfm', 'jmacguinesss', '2/15/2022', '10/24/2022', 29, 29, 29, 29);
insert into Users (Id, FirstName, LastName, Password, Username, CreatedAt, ModifiedAt, ModifiedBy, RoleID, ScheduleID , DepartmentID) values (30, 'Dede', 'Betho', 'h8uJjWSfpVw', 'dbethot', '6/6/2022', '5/22/2022', 30, 30, 30, 30);
insert into Users (Id, FirstName, LastName, Password, Username, CreatedAt, ModifiedAt, ModifiedBy, RoleID, ScheduleID , DepartmentID) values (31, 'Manolo', 'Goodie', '11QQkI6HcU6s', 'mgoodieu', '1/31/2023', '2/26/2022', 31, 31, 31, 31);
insert into Users (Id, FirstName, LastName, Password, Username, CreatedAt, ModifiedAt, ModifiedBy, RoleID, ScheduleID , DepartmentID) values (32, 'Gregor', 'Holliar', 'FI0oKRj55W4', 'gholliarv', '8/6/2022', '3/24/2022', 32, 32, 32, 32);
insert into Users (Id, FirstName, LastName, Password, Username, CreatedAt, ModifiedAt, ModifiedBy, RoleID, ScheduleID , DepartmentID) values (33, 'Almira', 'Shawel', 'oNeLFa84', 'ashawelw', '2/2/2023', '9/10/2022', 33, 33, 33, 33);
insert into Users (Id, FirstName, LastName, Password, Username, CreatedAt, ModifiedAt, ModifiedBy, RoleID, ScheduleID , DepartmentID) values (34, 'Creigh', 'Stephens', '1UBU6LoN', 'cstephensx', '5/11/2022', '2/3/2023', 34, 34, 34, 34);
insert into Users (Id, FirstName, LastName, Password, Username, CreatedAt, ModifiedAt, ModifiedBy, RoleID, ScheduleID , DepartmentID) values (35, 'Amble', 'Babidge', '4svdQIan', 'ababidgey', '9/19/2022', '12/2/2022', 35, 35, 35, 35);
insert into Users (Id, FirstName, LastName, Password, Username, CreatedAt, ModifiedAt, ModifiedBy, RoleID, ScheduleID , DepartmentID) values (36, 'Maritsa', 'Buckingham', '7qwBRsHhi8', 'mbuckinghamz', '8/16/2022', '12/9/2022', 36, 36, 36, 36);
insert into Users (Id, FirstName, LastName, Password, Username, CreatedAt, ModifiedAt, ModifiedBy, RoleID, ScheduleID , DepartmentID) values (37, 'Chere', 'Plinck', 'xgr2vAFdBb', 'cplinck10', '7/17/2022', '1/17/2023', 37, 37, 37, 37);
insert into Users (Id, FirstName, LastName, Password, Username, CreatedAt, ModifiedAt, ModifiedBy, RoleID, ScheduleID , DepartmentID) values (38, 'Herb', 'Bretton', 'kntlCxAi298', 'hbretton11', '4/28/2022', '11/26/2022', 38, 38, 38, 38);
insert into Users (Id, FirstName, LastName, Password, Username, CreatedAt, ModifiedAt, ModifiedBy, RoleID, ScheduleID , DepartmentID) values (39, 'Hilario', 'Mealing', 'Cj4jH5fNSt', 'hmealing12', '4/1/2022', '11/15/2022', 39, 39, 39, 39);
insert into Users (Id, FirstName, LastName, Password, Username, CreatedAt, ModifiedAt, ModifiedBy, RoleID, ScheduleID , DepartmentID) values (40, 'Kinny', 'Rhys', 'RkJvLJStNHBF', 'krhys13', '8/31/2022', '12/7/2022', 40, 40, 40, 40);
insert into Users (Id, FirstName, LastName, Password, Username, CreatedAt, ModifiedAt, ModifiedBy, RoleID, ScheduleID , DepartmentID) values (41, 'Maisey', 'Jakolevitch', 'IXG5Vx8', 'mjakolevitch14', '3/3/2022', '12/29/2022', 41, 41, 41, 41);
insert into Users (Id, FirstName, LastName, Password, Username, CreatedAt, ModifiedAt, ModifiedBy, RoleID, ScheduleID , DepartmentID) values (42, 'Angele', 'Tootin', '0QCOv765tR', 'atootin15', '6/16/2022', '12/19/2022', 42, 42, 42, 42);
insert into Users (Id, FirstName, LastName, Password, Username, CreatedAt, ModifiedAt, ModifiedBy, RoleID, ScheduleID , DepartmentID) values (43, 'Skipton', 'Tock', '6xp93PaEq', 'stock16', '6/12/2022', '6/3/2022', 43, 43, 43, 43);
insert into Users (Id, FirstName, LastName, Password, Username, CreatedAt, ModifiedAt, ModifiedBy, RoleID, ScheduleID , DepartmentID) values (44, 'Jarid', 'Wheaton', 'gSbdvUff4J', 'jwheaton17', '1/16/2023', '10/30/2022', 44, 44, 44, 44);
insert into Users (Id, FirstName, LastName, Password, Username, CreatedAt, ModifiedAt, ModifiedBy, RoleID, ScheduleID , DepartmentID) values (45, 'Madalena', 'Cairney', 'xTKfTMZuyVbl', 'mcairney18', '3/6/2022', '12/14/2022', 45, 45, 45, 45);
insert into Users (Id, FirstName, LastName, Password, Username, CreatedAt, ModifiedAt, ModifiedBy, RoleID, ScheduleID , DepartmentID) values (46, 'Sigismundo', 'Hessentaler', 'ytcnPFlq1Q', 'shessentaler19', '5/21/2022', '5/31/2022', 46, 46, 46, 46);
insert into Users (Id, FirstName, LastName, Password, Username, CreatedAt, ModifiedAt, ModifiedBy, RoleID, ScheduleID , DepartmentID) values (47, 'Rees', 'Ranald', 'wfK8ceLLga', 'rranald1a', '4/25/2022', '4/6/2022', 47, 47, 47, 47);
insert into Users (Id, FirstName, LastName, Password, Username, CreatedAt, ModifiedAt, ModifiedBy, RoleID, ScheduleID , DepartmentID) values (48, 'Prentice', 'MacCarrane', 'hi59mNmG', 'pmaccarrane1b', '8/24/2022', '12/6/2022', 48, 48, 48, 48);
insert into Users (Id, FirstName, LastName, Password, Username, CreatedAt, ModifiedAt, ModifiedBy, RoleID, ScheduleID , DepartmentID) values (49, 'Ronny', 'Kolczynski', 'Lspn9Y', 'rkolczynski1c', '5/16/2022', '12/26/2022', 49, 49, 49, 49);
insert into Users (Id, FirstName, LastName, Password, Username, CreatedAt, ModifiedAt, ModifiedBy, RoleID, ScheduleID , DepartmentID) values (50, 'Poppy', 'Fairfoot', 'qh1X2wy8V8L', 'pfairfoot1d', '11/15/2022', '12/17/2022', 50, 50, 50, 50);
insert into Users (Id, FirstName, LastName, Password, Username, CreatedAt, ModifiedAt, ModifiedBy, RoleID, ScheduleID , DepartmentID) values (51, 'Torrence', 'Abrahamsen', 'mWE61Njf87lI', 'tabrahamsen1e', '10/2/2022', '7/30/2022', 51, 51, 51, 51);
insert into Users (Id, FirstName, LastName, Password, Username, CreatedAt, ModifiedAt, ModifiedBy, RoleID, ScheduleID , DepartmentID) values (52, 'Valentia', 'Bikker', 't6l6Kkz3hpH1', 'vbikker1f', '1/17/2023', '1/18/2023', 52, 52, 52, 52);
insert into Users (Id, FirstName, LastName, Password, Username, CreatedAt, ModifiedAt, ModifiedBy, RoleID, ScheduleID , DepartmentID) values (53, 'Shandeigh', 'Melpuss', 'hWbFTT', 'smelpuss1g', '11/26/2022', '1/12/2023', 53, 53, 53, 53);
insert into Users (Id, FirstName, LastName, Password, Username, CreatedAt, ModifiedAt, ModifiedBy, RoleID, ScheduleID , DepartmentID) values (54, 'Kasper', 'Janicijevic', 'Vm1038F1xb', 'kjanicijevic1h', '7/31/2022', '5/20/2022', 54, 54, 54, 54);
insert into Users (Id, FirstName, LastName, Password, Username, CreatedAt, ModifiedAt, ModifiedBy, RoleID, ScheduleID , DepartmentID) values (55, 'Mirna', 'Oliphard', 'i1ME43i0UW', 'moliphard1i', '8/6/2022', '1/26/2023', 55, 55, 55, 55);
insert into Users (Id, FirstName, LastName, Password, Username, CreatedAt, ModifiedAt, ModifiedBy, RoleID, ScheduleID , DepartmentID) values (56, 'Joeann', 'Ygo', 'XJdTx19', 'jygo1j', '5/19/2022', '7/4/2022', 56, 56, 56, 56);
insert into Users (Id, FirstName, LastName, Password, Username, CreatedAt, ModifiedAt, ModifiedBy, RoleID, ScheduleID , DepartmentID) values (57, 'Collete', 'Overington', 'TNCGPrCn', 'coverington1k', '2/10/2023', '1/20/2023', 57, 57, 57, 57);
insert into Users (Id, FirstName, LastName, Password, Username, CreatedAt, ModifiedAt, ModifiedBy, RoleID, ScheduleID , DepartmentID) values (58, 'Moises', 'Surgey', 'vMzvsWVv', 'msurgey1l', '1/24/2023', '12/12/2022', 58, 58, 58, 58);
insert into Users (Id, FirstName, LastName, Password, Username, CreatedAt, ModifiedAt, ModifiedBy, RoleID, ScheduleID , DepartmentID) values (59, 'Kari', 'Derdes', 'XDen4WcEp6n', 'kderdes1m', '12/31/2022', '12/8/2022', 59, 59, 59, 59);
insert into Users (Id, FirstName, LastName, Password, Username, CreatedAt, ModifiedAt, ModifiedBy, RoleID, ScheduleID , DepartmentID) values (60, 'Marian', 'O''Kinedy', 'H3wpSYJc', 'mokinedy1n', '11/3/2022', '10/20/2022', 60, 60, 60, 60);
insert into Users (Id, FirstName, LastName, Password, Username, CreatedAt, ModifiedAt, ModifiedBy, RoleID, ScheduleID , DepartmentID) values (61, 'Betta', 'Simm', 'U446qn6WWh', 'bsimm1o', '10/27/2022', '4/11/2022', 61, 61, 61, 61);
insert into Users (Id, FirstName, LastName, Password, Username, CreatedAt, ModifiedAt, ModifiedBy, RoleID, ScheduleID , DepartmentID) values (62, 'Kylila', 'Brandolini', '8T9Af3kG7GU', 'kbrandolini1p', '10/10/2022', '12/26/2022', 62, 62, 62, 62);
insert into Users (Id, FirstName, LastName, Password, Username, CreatedAt, ModifiedAt, ModifiedBy, RoleID, ScheduleID , DepartmentID) values (63, 'Lyndsey', 'Howgate', 'kR3Z34ZHv', 'lhowgate1q', '6/6/2022', '12/11/2022', 63, 63, 63, 63);
insert into Users (Id, FirstName, LastName, Password, Username, CreatedAt, ModifiedAt, ModifiedBy, RoleID, ScheduleID , DepartmentID) values (64, 'Charyl', 'Crebo', 'fRT6S50Sn', 'ccrebo1r', '12/24/2022', '9/22/2022', 64, 64, 64, 64);
insert into Users (Id, FirstName, LastName, Password, Username, CreatedAt, ModifiedAt, ModifiedBy, RoleID, ScheduleID , DepartmentID) values (65, 'Nerti', 'Blampy', 'GyNqsQ2iBrW', 'nblampy1s', '7/8/2022', '2/27/2022', 65, 65, 65, 65);
insert into Users (Id, FirstName, LastName, Password, Username, CreatedAt, ModifiedAt, ModifiedBy, RoleID, ScheduleID , DepartmentID) values (66, 'Kirbie', 'Ricket', 'JfP8ibnx', 'kricket1t', '6/21/2022', '3/17/2022', 66, 66, 66, 66);
insert into Users (Id, FirstName, LastName, Password, Username, CreatedAt, ModifiedAt, ModifiedBy, RoleID, ScheduleID , DepartmentID) values (67, 'Jarrad', 'Musson', 'XxAFahK', 'jmusson1u', '12/30/2022', '3/11/2022', 67, 67, 67, 67);
insert into Users (Id, FirstName, LastName, Password, Username, CreatedAt, ModifiedAt, ModifiedBy, RoleID, ScheduleID , DepartmentID) values (68, 'Frasier', 'Ickowics', 'VDKgZrkh', 'fickowics1v', '12/11/2022', '7/1/2022', 68, 68, 68, 68);
insert into Users (Id, FirstName, LastName, Password, Username, CreatedAt, ModifiedAt, ModifiedBy, RoleID, ScheduleID , DepartmentID) values (69, 'Emili', 'Colliford', 'RseGXby', 'ecolliford1w', '5/9/2022', '1/2/2023', 69, 69, 69, 69);
insert into Users (Id, FirstName, LastName, Password, Username, CreatedAt, ModifiedAt, ModifiedBy, RoleID, ScheduleID , DepartmentID) values (70, 'Emeline', 'Clemintoni', 'BHYv9Em', 'eclemintoni1x', '6/9/2022', '1/30/2023', 70, 70, 70, 70);
insert into Users (Id, FirstName, LastName, Password, Username, CreatedAt, ModifiedAt, ModifiedBy, RoleID, ScheduleID , DepartmentID) values (71, 'Tatum', 'Bamling', 'ESutTGM', 'tbamling1y', '1/28/2023', '4/12/2022', 71, 71, 71, 71);
insert into Users (Id, FirstName, LastName, Password, Username, CreatedAt, ModifiedAt, ModifiedBy, RoleID, ScheduleID , DepartmentID) values (72, 'Rodrigo', 'Austwick', 'L1gdmMYH', 'raustwick1z', '1/1/2023', '9/28/2022', 72, 72, 72, 72);
insert into Users (Id, FirstName, LastName, Password, Username, CreatedAt, ModifiedAt, ModifiedBy, RoleID, ScheduleID , DepartmentID) values (73, 'Brodie', 'Cheshire', 'RuSvyZ', 'bcheshire20', '4/30/2022', '12/5/2022', 73, 73, 73, 73);
insert into Users (Id, FirstName, LastName, Password, Username, CreatedAt, ModifiedAt, ModifiedBy, RoleID, ScheduleID , DepartmentID) values (74, 'Queenie', 'Stanyon', 'g8pUPWVK', 'qstanyon21', '4/22/2022', '7/31/2022', 74, 74, 74, 74);
insert into Users (Id, FirstName, LastName, Password, Username, CreatedAt, ModifiedAt, ModifiedBy, RoleID, ScheduleID , DepartmentID) values (75, 'Temple', 'Edworthy', 'oMBNWRuYS', 'tedworthy22', '9/6/2022', '2/6/2023', 75, 75, 75, 75);
insert into Users (Id, FirstName, LastName, Password, Username, CreatedAt, ModifiedAt, ModifiedBy, RoleID, ScheduleID , DepartmentID) values (76, 'Olivette', 'Ginnell', 'NpkRxtNlYy', 'oginnell23', '9/6/2022', '12/16/2022', 76, 76, 76, 76);
insert into Users (Id, FirstName, LastName, Password, Username, CreatedAt, ModifiedAt, ModifiedBy, RoleID, ScheduleID , DepartmentID) values (77, 'Edee', 'Newarte', 'H8wX9eE', 'enewarte24', '9/12/2022', '4/3/2022', 77, 77, 77, 77);
insert into Users (Id, FirstName, LastName, Password, Username, CreatedAt, ModifiedAt, ModifiedBy, RoleID, ScheduleID , DepartmentID) values (78, 'Sloan', 'Tittletross', 'triVsqGiMN', 'stittletross25', '2/25/2022', '12/16/2022', 78, 78, 78, 78);
insert into Users (Id, FirstName, LastName, Password, Username, CreatedAt, ModifiedAt, ModifiedBy, RoleID, ScheduleID , DepartmentID) values (79, 'Martin', 'Bowshire', 'UqbhkScA', 'mbowshire26', '9/9/2022', '6/20/2022', 79, 79, 79, 79);
insert into Users (Id, FirstName, LastName, Password, Username, CreatedAt, ModifiedAt, ModifiedBy, RoleID, ScheduleID , DepartmentID) values (80, 'Arthur', 'Andreix', 'yvTKfMBc', 'aandreix27', '8/16/2022', '3/18/2022', 80, 80, 80, 80);
insert into Users (Id, FirstName, LastName, Password, Username, CreatedAt, ModifiedAt, ModifiedBy, RoleID, ScheduleID , DepartmentID) values (81, 'Lilli', 'Cranham', 'LAVfqarkV', 'lcranham28', '7/30/2022', '5/25/2022', 81, 81, 81, 81);
insert into Users (Id, FirstName, LastName, Password, Username, CreatedAt, ModifiedAt, ModifiedBy, RoleID, ScheduleID , DepartmentID) values (82, 'Egon', 'Volett', 'QanRLf', 'evolett29', '4/6/2022', '4/18/2022', 82, 82, 82, 82);
insert into Users (Id, FirstName, LastName, Password, Username, CreatedAt, ModifiedAt, ModifiedBy, RoleID, ScheduleID , DepartmentID) values (83, 'Petrina', 'Sager', 'RGjBZQ', 'psager2a', '8/24/2022', '9/28/2022', 83, 83, 83, 83);
insert into Users (Id, FirstName, LastName, Password, Username, CreatedAt, ModifiedAt, ModifiedBy, RoleID, ScheduleID , DepartmentID) values (84, 'Konrad', 'Yosselevitch', 'Ti8DozdQ', 'kyosselevitch2b', '7/8/2022', '1/24/2023', 84, 84, 84, 84);
insert into Users (Id, FirstName, LastName, Password, Username, CreatedAt, ModifiedAt, ModifiedBy, RoleID, ScheduleID , DepartmentID) values (85, 'Antons', 'Schurcke', 'Shs92dPuf', 'aschurcke2c', '11/29/2022', '1/6/2023', 85, 85, 85, 85);
insert into Users (Id, FirstName, LastName, Password, Username, CreatedAt, ModifiedAt, ModifiedBy, RoleID, ScheduleID , DepartmentID) values (86, 'Faustina', 'Snead', 'dZPFVwmmH', 'fsnead2d', '12/1/2022', '3/10/2022', 86, 86, 86, 86);
insert into Users (Id, FirstName, LastName, Password, Username, CreatedAt, ModifiedAt, ModifiedBy, RoleID, ScheduleID , DepartmentID) values (87, 'Peria', 'Gehring', 'NSDSK7J', 'pgehring2e', '4/28/2022', '12/27/2022', 87, 87, 87, 87);
insert into Users (Id, FirstName, LastName, Password, Username, CreatedAt, ModifiedAt, ModifiedBy, RoleID, ScheduleID , DepartmentID) values (88, 'Jessalyn', 'Plak', 'cNaFSxBw', 'jplak2f', '10/17/2022', '12/28/2022', 88, 88, 88, 88);
insert into Users (Id, FirstName, LastName, Password, Username, CreatedAt, ModifiedAt, ModifiedBy, RoleID, ScheduleID , DepartmentID) values (89, 'Federica', 'Hastwall', 'ztV5CrJc', 'fhastwall2g', '10/20/2022', '5/29/2022', 89, 89, 89, 89);
insert into Users (Id, FirstName, LastName, Password, Username, CreatedAt, ModifiedAt, ModifiedBy, RoleID, ScheduleID , DepartmentID) values (90, 'Theodore', 'Gunbie', 'c3UfhIUt0EN', 'tgunbie2h', '8/15/2022', '6/11/2022', 90, 90, 90, 90);
insert into Users (Id, FirstName, LastName, Password, Username, CreatedAt, ModifiedAt, ModifiedBy, RoleID, ScheduleID , DepartmentID) values (91, 'Karylin', 'd''Escoffier', '4TKwpFRD', 'kdescoffier2i', '8/4/2022', '4/24/2022', 91, 91, 91, 91);
insert into Users (Id, FirstName, LastName, Password, Username, CreatedAt, ModifiedAt, ModifiedBy, RoleID, ScheduleID , DepartmentID) values (92, 'Aime', 'Edginton', 'o5x9Crbf', 'aedginton2j', '11/17/2022', '3/20/2022', 92, 92, 92, 92);
insert into Users (Id, FirstName, LastName, Password, Username, CreatedAt, ModifiedAt, ModifiedBy, RoleID, ScheduleID , DepartmentID) values (93, 'Kristoffer', 'Huelin', 's9rSN03mvNRb', 'khuelin2k', '8/26/2022', '3/23/2022', 93, 93, 93, 93);
insert into Users (Id, FirstName, LastName, Password, Username, CreatedAt, ModifiedAt, ModifiedBy, RoleID, ScheduleID , DepartmentID) values (94, 'Derrik', 'Lemerle', 'S9luHAM', 'dlemerle2l', '3/21/2022', '1/14/2023', 94, 94, 94, 94);
insert into Users (Id, FirstName, LastName, Password, Username, CreatedAt, ModifiedAt, ModifiedBy, RoleID, ScheduleID , DepartmentID) values (95, 'Mahmud', 'Balducci', 'a1DmDuQw24Zd', 'mbalducci2m', '3/20/2022', '3/22/2022', 95, 95, 95, 95);
insert into Users (Id, FirstName, LastName, Password, Username, CreatedAt, ModifiedAt, ModifiedBy, RoleID, ScheduleID , DepartmentID) values (96, 'Inna', 'Hadgraft', 'NFuCTA1hYFuE', 'ihadgraft2n', '4/19/2022', '8/20/2022', 96, 96, 96, 96);
insert into Users (Id, FirstName, LastName, Password, Username, CreatedAt, ModifiedAt, ModifiedBy, RoleID, ScheduleID , DepartmentID) values (97, 'Isabelita', 'Haster', '2ZPtts4g', 'ihaster2o', '9/15/2022', '10/3/2022', 97, 97, 97, 97);
insert into Users (Id, FirstName, LastName, Password, Username, CreatedAt, ModifiedAt, ModifiedBy, RoleID, ScheduleID , DepartmentID) values (98, 'Janet', 'Ellsbury', '35eEJI', 'jellsbury2p', '12/26/2022', '6/26/2022', 98, 98, 98, 98);
insert into Users (Id, FirstName, LastName, Password, Username, CreatedAt, ModifiedAt, ModifiedBy, RoleID, ScheduleID , DepartmentID) values (99, 'Blakelee', 'Pitrasso', 'gEJOFOYRDG8', 'bpitrasso2q', '5/9/2022', '8/26/2022', 99, 99, 99, 99);
insert into Users (Id, FirstName, LastName, Password, Username, CreatedAt, ModifiedAt, ModifiedBy, RoleID, ScheduleID , DepartmentID) values (100, 'George', 'Rainsden', 'sV0Cu8', 'grainsden2r', '10/11/2022', '5/4/2022', 100, 100, 100, 100);


insert into Departments (Id, Name, Description) values (1, 'Calcium Chloride', 'Adverse effect of unsp agents aff the GI sys, init');
insert into Departments (Id, Name, Description) values (2, 'Fluphenazine Hydrochloride', 'Arthropathy following intestinal bypass, ankle and foot');
insert into Departments (Id, Name, Description) values (3, 'Amitriptyline Hydrochloride', 'Benign neoplm of connctv/soft tiss of upper limb, inc shldr');
insert into Departments (Id, Name, Description) values (4, 'COLOCYNTHIS', 'Acute hemolytic transfs react, unsp incompatibility, init');
insert into Departments (Id, Name, Description) values (5, 'Labetalol hydrochloride', 'Nondisp fx of ant column of r acetab, subs for fx w nonunion');
insert into Departments (Id, Name, Description) values (6, 'Hydrocortisone', 'Poisoning by vitamins, assault, initial encounter');
insert into Departments (Id, Name, Description) values (7, 'TISSEEL', 'Multiple defects of retina without detachment');
insert into Departments (Id, Name, Description) values (8, 'Gabapentin', 'Minor laceration of abdominal aorta, initial encounter');
insert into Departments (Id, Name, Description) values (9, 'Duloxetine Hydrochloride', 'Fracture of first metacarpal bone');
insert into Departments (Id, Name, Description) values (10, 'Topcare Antacid', 'Toxic effect of cyanides, accidental (unintentional), init');
insert into Departments (Id, Name, Description) values (11, 'Opana ER', 'Other fracture of lower end of right ulna');
insert into Departments (Id, Name, Description) values (12, 'Kids Anticavity Post-Brush Fluoride Rinse', 'Occupant of streetcar injured in unsp traf, sequela');
insert into Departments (Id, Name, Description) values (13, 'Metronidazole', 'Disp fx of post column of r acetab, subs for fx w nonunion');
insert into Departments (Id, Name, Description) values (14, 'Clonazepam', 'Sltr-haris Type II physeal fx phalanx of unsp toe, 7thB');
insert into Departments (Id, Name, Description) values (15, 'Ibuprofen', 'Poisoning by oth vaccines and biolg substnc, self-harm, init');
insert into Departments (Id, Name, Description) values (16, 'Propranolol Hydrochloride', 'Labor and delivery complicated by vasa previa, fetus 2');
insert into Departments (Id, Name, Description) values (17, 'OXYGEN', 'Unsp fx shaft of l fibula, 7thF');
insert into Departments (Id, Name, Description) values (18, 'Childrens Relief Cherry', 'Osteochndrdys w defct of grth of tublr bones and spine, unsp');
insert into Departments (Id, Name, Description) values (19, 'Lidocaine Hydrochloride and Epinephrine', 'Malignant neoplasm of pharynx, unspecified');
insert into Departments (Id, Name, Description) values (20, 'TCX Skincare', 'Unsp traumatic spondylolisthesis of seventh cervcal vertebra');
insert into Departments (Id, Name, Description) values (21, 'Disney Princess Antibacterial Hand Wipes', 'Spinal stenosis, thoracic region');
insert into Departments (Id, Name, Description) values (22, 'Green Guard Sterile Alcohol Pads', 'Unsp injury of adductor musc/fasc/tend left thigh, subs');
insert into Departments (Id, Name, Description) values (23, 'Paroxetine', 'Other secondary chronic gout, wrist');
insert into Departments (Id, Name, Description) values (24, 'Chlorpromazine Hydrochloride', 'Congenital absence, atresia and stenosis of large intestine');
insert into Departments (Id, Name, Description) values (25, 'SOYBEAN', 'Brown-Sequard syndrome at C1, sequela');
insert into Departments (Id, Name, Description) values (26, 'Piperacillin and Tazobactam', 'Tear of articular cartilage of unsp knee, current, init');
insert into Departments (Id, Name, Description) values (27, 'Bisolvine', 'Poisn by oth antacids and anti-gstrc-sec drugs, acc, sqla');
insert into Departments (Id, Name, Description) values (28, 'TOPCARE', 'Rheu arthritis w rheu factor of elbow w/o org/sys involv');
insert into Departments (Id, Name, Description) values (29, 'Nasal Decongestant PE', 'Oth traumatic displ spondylolysis of second cervcal vertebra');
insert into Departments (Id, Name, Description) values (30, '3LAB PERFECT BB SPF 40 Broad Spectrum 02', 'Dir infct of unsp shldr in infec/parastc dis classd elswhr');
insert into Departments (Id, Name, Description) values (31, 'Lisinopril', 'Tributary (branch) retinal vein occlusion, left eye, stable');
insert into Departments (Id, Name, Description) values (32, 'Oligo Iodine', 'Osteochondropathy, unspecified, right thigh');
insert into Departments (Id, Name, Description) values (33, 'Glipizide', 'Anterior dislocation of unsp ulnohumeral joint, subs encntr');
insert into Departments (Id, Name, Description) values (34, 'Naproxen Sodium', 'Unsp place in school dormitory as place');
insert into Departments (Id, Name, Description) values (35, 'Oxaliplatin', 'Nondisp fx of base of 3rd MC bone, r hand, 7thP');
insert into Departments (Id, Name, Description) values (36, 'Primaquine Phosphate', 'Laceration with foreign body of unsp wrist, init encntr');
insert into Departments (Id, Name, Description) values (37, 'Naproxen', 'Toxic effect of zinc and its compounds, accidental, init');
insert into Departments (Id, Name, Description) values (38, 'Rabbit Bush', 'Incarcerated fx of med epicondyl of r humer, 7thK');
insert into Departments (Id, Name, Description) values (39, 'Metoprolol Tartrate', 'Underdosing of antipruritics, subsequent encounter');
insert into Departments (Id, Name, Description) values (40, 'TEETHING', 'Unspecified acquired deformity of unspecified lower leg');
insert into Departments (Id, Name, Description) values (41, 'Rodan and Fields', 'Central subluxation of left hip');
insert into Departments (Id, Name, Description) values (42, 'Artificial Tears', 'Oth osteopor w crnt path fx, unsp forearm, 7thD');
insert into Departments (Id, Name, Description) values (43, 'Ropinirole Hydrochloride', 'Sprain of MTP joint of unsp lesser toe(s), subs');
insert into Departments (Id, Name, Description) values (44, 'Pituitary Forte', 'Disp fx of l ulna styloid pro, 7thR');
insert into Departments (Id, Name, Description) values (45, 'Potassium Chloride', 'Poisoning by other opioids, assault');
insert into Departments (Id, Name, Description) values (46, 'Furosemide', 'Displ commnt fx shaft of ulna, unsp arm, 7thE');
insert into Departments (Id, Name, Description) values (47, 'Fresh Sugar Berry Tinted Lip Treatment SPF 15', 'Toxic effect of venom of arthropod, intentional self-harm');
insert into Departments (Id, Name, Description) values (48, 'Pink Eye Remedy', 'Strain musc/tend ant grp at low leg level, unsp leg, init');
insert into Departments (Id, Name, Description) values (49, 'Cetirizine Hydrochloride', 'Unsp injury of axillary or brachial vein, unsp side, init');
insert into Departments (Id, Name, Description) values (50, 'Desvenlafaxine', 'Contusion of ovary, unilateral, subsequent encounter');
insert into Departments (Id, Name, Description) values (51, 'Cyclobenzaprine Hydrochloride', 'Unsp inj extn/abdr musc/fasc/tend of l thm at forarm lv');
insert into Departments (Id, Name, Description) values (52, 'Nite-Time Cold and Flu', 'Crushing injury of larynx and trachea, sequela');
insert into Departments (Id, Name, Description) values (53, 'BETHANECHOL CHLORIDE', 'Mechanical loosening of internal right hip prosthetic joint');
insert into Departments (Id, Name, Description) values (54, 'Midol Complete', 'Follicular lymphoma grade III, unspecified, unspecified site');
insert into Departments (Id, Name, Description) values (55, 'Safeway Nighttime Cold and Flu', 'Insect bite (nonvenomous) of oral cavity, sequela');
insert into Departments (Id, Name, Description) values (56, 'SUPRAX', 'Nondisp artic fx head of r femr, 7thD');
insert into Departments (Id, Name, Description) values (57, 'SMART SENSE', 'Acquired deformities of toe(s), unspecified, left foot');
insert into Departments (Id, Name, Description) values (58, 'ABILIFY', 'Type 1 diabetes mellitus w diabetic neuropathic arthropathy');
insert into Departments (Id, Name, Description) values (59, 'QUARTETTE', 'Displ transverse fx shaft of l femr, 7thQ');
insert into Departments (Id, Name, Description) values (60, 'Olanzapine', 'Intentional self-harm by drown in natural water, sequela');
insert into Departments (Id, Name, Description) values (61, 'Burkhart Neutral', 'Drug/chem diab with prolif diab rtnop without mclr edema, bi');
insert into Departments (Id, Name, Description) values (62, 'GRx Dyne Scrub', 'Oth fracture of shaft of r humerus, subs for fx w malunion');
insert into Departments (Id, Name, Description) values (63, 'CITOMIX', 'Displaced oth extrartic fracture of unsp calcaneus, sequela');
insert into Departments (Id, Name, Description) values (64, 'pain reliever', 'Laceration of ulnar artery at wrs/hnd lv of left arm, init');
insert into Departments (Id, Name, Description) values (65, 'Neutrogena Mineral Sheers', 'Adverse effect of antiviral drugs');
insert into Departments (Id, Name, Description) values (66, 'Imipenem and Cilastatin', 'Disp fx of med malleolus of l tibia, 7thM');
insert into Departments (Id, Name, Description) values (67, 'Topcare childrens pain and fever', 'Other dislocation of right foot, sequela');
insert into Departments (Id, Name, Description) values (68, 'Hand-Aid', 'Person outside car injured in clsn w car nontraf, sequela');
insert into Departments (Id, Name, Description) values (69, 'Sniffles', 'Other transplanted tissue infection');
insert into Departments (Id, Name, Description) values (70, 'LIVESTS Moist Liquid', 'Fibrosis due to genitourinary prosth dev/grft, sequela');
insert into Departments (Id, Name, Description) values (71, 'Sore Throat', 'Oth injury of musc/fasc/tend at forearm level');
insert into Departments (Id, Name, Description) values (72, 'Aveeno Active Naturals Nourish Plus Dandruff Control', 'Blister (nonthermal) of left back wall of thorax');
insert into Departments (Id, Name, Description) values (73, 'Ocean Potion Instant Burn Relief Ice', 'Laceration of flexor musc/fasc/tend at forarm lv, unsp arm');
insert into Departments (Id, Name, Description) values (74, 'Hand Sanitizer', 'Oth comp of fb acc left in body fol injection or immuniz');
insert into Departments (Id, Name, Description) values (75, 'Utah Juniper Pollen', 'Mech compl of int fix of bone of right forearm, subs');
insert into Departments (Id, Name, Description) values (76, 'Spironolactone', 'Malignant neoplasm of posterior wall of hypopharynx');
insert into Departments (Id, Name, Description) values (77, 'Secura Moisturizing Cleanser', 'Nondisp fx of unsp tibial spin, 7thR');
insert into Departments (Id, Name, Description) values (78, 'L-Dopa', 'Influenza due to unidentified influenza virus w oth manifest');
insert into Departments (Id, Name, Description) values (79, 'Next Choice', 'Injury of right iliac artery, sequela');
insert into Departments (Id, Name, Description) values (80, 'Zolpidem Tartrate', 'Sltr-haris Type I physeal fx upper end of r femur, sequela');
insert into Departments (Id, Name, Description) values (81, 'BuPROPion Hydrochloride', 'Felty''s syndrome, right elbow');
insert into Departments (Id, Name, Description) values (82, 'TRISEPTIN', 'Diseases of the respiratory system complicating childbirth');
insert into Departments (Id, Name, Description) values (83, 'Spironolactone and Hydrochlorothiazide', 'Chorioamnionitis, third trimester');
insert into Departments (Id, Name, Description) values (84, 'Vicodin HP', 'Displaced avulsion fracture of right ilium, init for clos fx');
insert into Departments (Id, Name, Description) values (85, 'OPANA', 'Strain extn/abdr musc/fasc/tend of r thm at forarm lv, sqla');
insert into Departments (Id, Name, Description) values (86, 'Soothe and Cool Fresh Dandruff Control', 'Glaucoma secondary to eye trauma, bilateral, moderate stage');
insert into Departments (Id, Name, Description) values (87, 'PROSHIELD PLUS', 'Mech compl of int fix of bone of right forearm, sequela');
insert into Departments (Id, Name, Description) values (88, 'Fluconazole', 'Laceration w/o fb of r rng fngr w/o damage to nail, subs');
insert into Departments (Id, Name, Description) values (89, 'Flawless Finish Bare Perfection Makeup SPF 8 Camellia', 'Fatigue fx vertebra, thor region, subs for fx w delay heal');
insert into Departments (Id, Name, Description) values (90, 'Quetiapine fumarate', 'Passenger in 3-whl mv injured in clsn w oth mv nontraf, subs');
insert into Departments (Id, Name, Description) values (91, 'Chestnut', 'Oth traum displ spondylolysis of 2nd cervcal vert, 7thK');
insert into Departments (Id, Name, Description) values (92, 'Imipramine Hydrochloride', 'Calculus of GB and bile duct w ac and chr cholecyst w obst');
insert into Departments (Id, Name, Description) values (93, 'Meloxicam', 'Exposure to rapid changes in air pressure during descent');
insert into Departments (Id, Name, Description) values (94, 'SH18', 'Nondisp oblique fx shaft of l rad, 7thN');
insert into Departments (Id, Name, Description) values (95, 'Sulfamethoxazole and Trimethoprim', 'Toxic effect of tin and its compounds, assault, sequela');
insert into Departments (Id, Name, Description) values (96, 'Xeloda', 'Oth intraop and postproc comp and disord of ear/mastd, NEC');
insert into Departments (Id, Name, Description) values (97, 'ACTONEL', 'Obstructed labor due to breech presentation, fetus 1');
insert into Departments (Id, Name, Description) values (98, 'String Beans', 'Unspecified enthesopathy, lower limb, excluding foot');
insert into Departments (Id, Name, Description) values (99, 'Phentermine Hydrochloride', 'Postgastric surgery syndromes');
insert into Departments (Id, Name, Description) values (100, 'XtraCare Creamy Petroleum Jelly', 'Open bite of left hand, initial encounter');

insert into Roles (Id, Name, Description) values (1, 'Construction Worker', 'Pedestrian injured in traf involving military vehicle, subs');
insert into Roles (Id, Name, Description) values (2, 'Construction Expeditor', 'Encounter for screening for other viral diseases');
insert into Roles (Id, Name, Description) values (3, 'Construction Worker', 'Disp fx of base of nk of r femr, 7thM');
insert into Roles (Id, Name, Description) values (4, 'Estimator', 'Nondisp Maisonneuve''s fx unsp leg, 7thF');
insert into Roles (Id, Name, Description) values (5, 'Architect', 'External constriction of left thumb, sequela');
insert into Roles (Id, Name, Description) values (6, 'Subcontractor', 'Burn of third degree of right axilla, initial encounter');
insert into Roles (Id, Name, Description) values (7, 'Supervisor', 'Oth degeneratv disord of nervous sys in dis classd elswhr');
insert into Roles (Id, Name, Description) values (8, 'Engineer', 'Nondisp artic fx head of r femr, 7thG');
insert into Roles (Id, Name, Description) values (9, 'Surveyor', 'Malar fracture, left side, 7thB');
insert into Roles (Id, Name, Description) values (10, 'Construction Worker', 'Residual stage of open-angle glaucoma, bilateral');
insert into Roles (Id, Name, Description) values (11, 'Engineer', 'Nondisp assoc transv/post fx unsp acetab, 7thK');
insert into Roles (Id, Name, Description) values (12, 'Construction Expeditor', 'Bilateral inguinal hernia, with gangrene, recurrent');
insert into Roles (Id, Name, Description) values (13, 'Architect', 'Spontaneous rupture of extensor tendons, right upper arm');
insert into Roles (Id, Name, Description) values (14, 'Construction Worker', 'Toxic effect of unsp inorganic substance, undet, sequela');
insert into Roles (Id, Name, Description) values (15, 'Construction Manager', 'Injury of ulnar nerve at forearm level, left arm, init');
insert into Roles (Id, Name, Description) values (16, 'Construction Worker', 'Other specified bursopathies, unspecified hand');
insert into Roles (Id, Name, Description) values (17, 'Engineer', 'Adhesions and ankylosis of right temporomandibular joint');
insert into Roles (Id, Name, Description) values (18, 'Supervisor', 'Otorrhea');
insert into Roles (Id, Name, Description) values (19, 'Project Manager', 'Folds and rupture in Bowman''s membrane');
insert into Roles (Id, Name, Description) values (20, 'Supervisor', 'Wedge compression fracture of fifth lumbar vertebra, sequela');
insert into Roles (Id, Name, Description) values (21, 'Subcontractor', 'Subluxation of proximal interphalangeal joint of right thumb');
insert into Roles (Id, Name, Description) values (22, 'Construction Foreman', 'Underdosing of other parasympathomimetics, sequela');
insert into Roles (Id, Name, Description) values (23, 'Electrician', 'Unsp injury of other urinary and pelvic organ, subs encntr');
insert into Roles (Id, Name, Description) values (24, 'Supervisor', 'Sprain of interphalangeal joint of left little finger');
insert into Roles (Id, Name, Description) values (25, 'Project Manager', 'Nontraumatic ischemic infarction of muscle, left ank/ft');
insert into Roles (Id, Name, Description) values (26, 'Engineer', 'Burns of 30-39% of body surface w 30-39% third degree burns');
insert into Roles (Id, Name, Description) values (27, 'Construction Foreman', 'Poisoning by antiasthmatics, intentional self-harm, init');
insert into Roles (Id, Name, Description) values (28, 'Architect', 'Obesity complicating pregnancy, third trimester');
insert into Roles (Id, Name, Description) values (29, 'Engineer', 'Injury of median nerve at upper arm level, right arm, subs');
insert into Roles (Id, Name, Description) values (30, 'Surveyor', 'Displ spiral fx shaft of l tibia, 7thQ');
insert into Roles (Id, Name, Description) values (31, 'Estimator', 'Other superficial bite of left little finger');
insert into Roles (Id, Name, Description) values (32, 'Construction Expeditor', 'Blister (nonthermal), right hip, subsequent encounter');
insert into Roles (Id, Name, Description) values (33, 'Estimator', 'Other specified disorders of eyelid');
insert into Roles (Id, Name, Description) values (34, 'Subcontractor', 'Gastric contents in larynx causing asphyxiation');
insert into Roles (Id, Name, Description) values (35, 'Construction Expeditor', 'Major laceration of tail of pancreas, subsequent encounter');
insert into Roles (Id, Name, Description) values (36, 'Engineer', 'Sprain of tibiofibular ligament of left ankle, sequela');
insert into Roles (Id, Name, Description) values (37, 'Estimator', 'Unsp superficial injury of right upper arm, init encntr');
insert into Roles (Id, Name, Description) values (38, 'Architect', 'Other specified bursopathies, other site');
insert into Roles (Id, Name, Description) values (39, 'Architect', 'Monoplg low lmb fol unsp cerebvasc disease aff left dom side');
insert into Roles (Id, Name, Description) values (40, 'Architect', 'Peripheral T-cell lymphoma, not classified');
insert into Roles (Id, Name, Description) values (41, 'Architect', 'Crushing injury of left foot');
insert into Roles (Id, Name, Description) values (42, 'Construction Expeditor', 'Injury of other nerves at forearm level, right arm');
insert into Roles (Id, Name, Description) values (43, 'Supervisor', 'Traumatic rupture of palmar ligament of finger at MCP/IP jt');
insert into Roles (Id, Name, Description) values (44, 'Estimator', 'Drown due to oth powered watercraft sinking, sequela');
insert into Roles (Id, Name, Description) values (45, 'Project Manager', 'Strain of musc/tend at lower leg level, unsp leg, subs');
insert into Roles (Id, Name, Description) values (46, 'Project Manager', 'Nondisp Rolando''s fracture, r hand, subs for fx w delay heal');
insert into Roles (Id, Name, Description) values (47, 'Engineer', 'Varicos vn of r low extrem w ulc of thigh and inflammation');
insert into Roles (Id, Name, Description) values (48, 'Electrician', 'Explosion of unspecified explosive materials, subs encntr');
insert into Roles (Id, Name, Description) values (49, 'Estimator', 'Infect/inflm reaction due to prosth dev/grft in urinry sys');
insert into Roles (Id, Name, Description) values (50, 'Project Manager', 'Refractive amblyopia, bilateral');
insert into Roles (Id, Name, Description) values (51, 'Electrician', 'Oth fracture of fifth metacarpal bone, right hand, init');
insert into Roles (Id, Name, Description) values (52, 'Construction Expeditor', 'Disp fx of body of left talus, subs for fx w malunion');
insert into Roles (Id, Name, Description) values (53, 'Construction Expeditor', 'Other infective (teno)synovitis, left wrist');
insert into Roles (Id, Name, Description) values (54, 'Subcontractor', 'Sprain of posterior cruciate ligament of left knee, subs');
insert into Roles (Id, Name, Description) values (55, 'Construction Worker', 'Minor laceration of unspecified part of pancreas');
insert into Roles (Id, Name, Description) values (56, 'Construction Foreman', 'Toxic effect of phosphorus and its compounds, assault, init');
insert into Roles (Id, Name, Description) values (57, 'Engineer', 'Dislocation of MCP joint of left little finger');
insert into Roles (Id, Name, Description) values (58, 'Engineer', 'Fatigue fracture of vertebra, occipt-atlan-ax region, init');
insert into Roles (Id, Name, Description) values (59, 'Construction Expeditor', 'Cerebral infarction due to thrombosis of basilar artery');
insert into Roles (Id, Name, Description) values (60, 'Construction Foreman', 'Interstitial myositis, unspecified forearm');
insert into Roles (Id, Name, Description) values (61, 'Construction Expeditor', 'Systemic lupus erythematosus (SLE)');
insert into Roles (Id, Name, Description) values (62, 'Architect', 'Inj superficial vein at shldr/up arm, left arm, sequela');
insert into Roles (Id, Name, Description) values (63, 'Electrician', 'Pyridoxine deficiency');
insert into Roles (Id, Name, Description) values (64, 'Surveyor', 'Osteomyelitis of vertebra, cervicothoracic region');
insert into Roles (Id, Name, Description) values (65, 'Supervisor', 'Displaced segmental fracture of shaft of left femur, init');
insert into Roles (Id, Name, Description) values (66, 'Electrician', 'Oth injury of musc/fasc/tend at forearm level, unsp arm');
insert into Roles (Id, Name, Description) values (67, 'Construction Expeditor', 'Burn of cornea and conjunctival sac, unsp eye, subs encntr');
insert into Roles (Id, Name, Description) values (68, 'Engineer', 'Enteroviral meningitis');
insert into Roles (Id, Name, Description) values (69, 'Engineer', 'Strain extensor musc/fasc/tend and unsp finger at wrs/hnd lv');
insert into Roles (Id, Name, Description) values (70, 'Architect', 'Leakage of coronary artery bypass graft, subs encntr');
insert into Roles (Id, Name, Description) values (71, 'Project Manager', 'Puncture wound w/o foreign body of left buttock, subs encntr');
insert into Roles (Id, Name, Description) values (72, 'Surveyor', 'Other disorders of continuity of bone, right fibula');
insert into Roles (Id, Name, Description) values (73, 'Estimator', 'Path fracture, unsp tibia and fibula, subs for fx w malunion');
insert into Roles (Id, Name, Description) values (74, 'Supervisor', 'Avulsion of unspecified eye');
insert into Roles (Id, Name, Description) values (75, 'Construction Worker', 'Other congenital malformations of cervix');
insert into Roles (Id, Name, Description) values (76, 'Construction Manager', 'Nondisp fx of proximal phalanx of left index finger, sequela');
insert into Roles (Id, Name, Description) values (77, 'Engineer', 'Oth shiga toxin E coli (STEC) causing diseases classd elswhr');
insert into Roles (Id, Name, Description) values (78, 'Construction Manager', 'Other streptococcal arthritis, left wrist');
insert into Roles (Id, Name, Description) values (79, 'Architect', 'Insect bite (nonvenomous) of hand');
insert into Roles (Id, Name, Description) values (80, 'Supervisor', 'Pinguecula, unspecified eye');
insert into Roles (Id, Name, Description) values (81, 'Supervisor', 'Poisoning by electrolytic/caloric/wtr-bal agnt, self-harm');
insert into Roles (Id, Name, Description) values (82, 'Construction Worker', 'Oth shellfish poisoning, intentional self-harm, subs encntr');
insert into Roles (Id, Name, Description) values (83, 'Architect', 'Poisoning by unsp fibrin-affct drugs, self-harm, init');
insert into Roles (Id, Name, Description) values (84, 'Project Manager', 'Unsp injury of unsp wrist, hand and finger(s), subs encntr');
insert into Roles (Id, Name, Description) values (85, 'Construction Expeditor', 'Other specified respiratory conditions of newborn');
insert into Roles (Id, Name, Description) values (86, 'Engineer', 'Other specified diabetes mellitus with hypoglycemia');
insert into Roles (Id, Name, Description) values (87, 'Construction Manager', 'Osseous stenosis of neural canal');
insert into Roles (Id, Name, Description) values (88, 'Construction Foreman', 'Paracoccidioidomycosis, unspecified');
insert into Roles (Id, Name, Description) values (89, 'Construction Manager', 'Torus fracture of lower end of left ulna');
insert into Roles (Id, Name, Description) values (90, 'Supervisor', 'Contusion of penis, subsequent encounter');
insert into Roles (Id, Name, Description) values (91, 'Project Manager', 'Poisn by emollients, demulcents and protect, undet, sequela');
insert into Roles (Id, Name, Description) values (92, 'Engineer', 'Peripheral pterygium, progressive, unspecified eye');
insert into Roles (Id, Name, Description) values (93, 'Construction Foreman', 'Antimalarials and drugs acting on bld protzoa');
insert into Roles (Id, Name, Description) values (94, 'Architect', 'Rheu arthritis w rheu factor of unsp knee w/o org/sys involv');
insert into Roles (Id, Name, Description) values (95, 'Supervisor', 'Disorder of ligament, left ankle');
insert into Roles (Id, Name, Description) values (96, 'Construction Foreman', 'Occ of anml-drn vehicle injured in unsp trnsp acc, sequela');
insert into Roles (Id, Name, Description) values (97, 'Supervisor', 'Injury of acoustic nerve');
insert into Roles (Id, Name, Description) values (98, 'Surveyor', 'Partial traumatic amputation at left hip joint, sequela');
insert into Roles (Id, Name, Description) values (99, 'Surveyor', 'Unsp physeal fracture of lower end of left tibia, sequela');
insert into Roles (Id, Name, Description) values (100, 'Architect', 'Scleral ectasia, left eye');


insert into Vacations (Id, Name, Description, Status, StartDate, EndDate, MainVacationHours, TimeForTimeHours, IsTimeForTime, userID ) values (1, 'Electrician', 'Terrorism involving firearms, civilian injured', 'Anne-corinne', '10/20/2022', '8/10/2022', '4:45 PM', '12:15 PM', true, 1);
insert into Vacations (Id, Name, Description, Status, StartDate, EndDate, MainVacationHours, TimeForTimeHours, IsTimeForTime, userID ) values (2, 'Surveyor', 'Rupture of synovium, right finger(s)', 'Zonda', '8/16/2022', '3/23/2022', '5:30 PM', '11:55 PM', false, 2);
insert into Vacations (Id, Name, Description, Status, StartDate, EndDate, MainVacationHours, TimeForTimeHours, IsTimeForTime, userID ) values (3, 'Supervisor', 'Oth therapist or healthcare prov, perp of maltreat & neglect', 'Arlie', '8/28/2022', '2/28/2022', '10:06 PM', '2:18 AM', true, 3);
insert into Vacations (Id, Name, Description, Status, StartDate, EndDate, MainVacationHours, TimeForTimeHours, IsTimeForTime, userID ) values (4, 'Estimator', 'Other specified arthritis, unspecified site', 'Kyle', '6/27/2022', '5/15/2022', '4:54 PM', '11:21 PM', false, 4);
insert into Vacations (Id, Name, Description, Status, StartDate, EndDate, MainVacationHours, TimeForTimeHours, IsTimeForTime, userID ) values (5, 'Subcontractor', 'Unspecified blepharoconjunctivitis, right eye', 'Gui', '9/20/2022', '8/30/2022', '4:32 AM', '10:40 PM', false, 5);
insert into Vacations (Id, Name, Description, Status, StartDate, EndDate, MainVacationHours, TimeForTimeHours, IsTimeForTime, userID ) values (6, 'Construction Expeditor', 'Unsp injury of unsp musc/tend at lower leg level, left leg', 'Georgina', '4/26/2022', '2/26/2022', '12:55 PM', '3:29 AM', true, 6);
insert into Vacations (Id, Name, Description, Status, StartDate, EndDate, MainVacationHours, TimeForTimeHours, IsTimeForTime, userID ) values (7, 'Construction Manager', 'Displ spiral fx shaft of rad, r arm, 7thB', 'Carole', '1/28/2023', '7/29/2022', '10:06 PM', '8:54 PM', true, 7);
insert into Vacations (Id, Name, Description, Status, StartDate, EndDate, MainVacationHours, TimeForTimeHours, IsTimeForTime, userID ) values (8, 'Electrician', 'Low vision, left eye, normal vision right eye', 'Berrie', '6/22/2022', '11/21/2022', '10:52 AM', '1:47 PM', true, 8);
insert into Vacations (Id, Name, Description, Status, StartDate, EndDate, MainVacationHours, TimeForTimeHours, IsTimeForTime, userID ) values (9, 'Supervisor', 'Other specified injury of right pulmonary blood vessels', 'Jacintha', '12/4/2022', '10/27/2022', '6:50 AM', '11:35 AM', false, 9);
insert into Vacations (Id, Name, Description, Status, StartDate, EndDate, MainVacationHours, TimeForTimeHours, IsTimeForTime, userID ) values (10, 'Construction Foreman', 'Other juvenile osteochondrosis, left upper limb', 'Annaliese', '6/9/2022', '7/19/2022', '11:35 AM', '12:58 AM', true, 10);
insert into Vacations (Id, Name, Description, Status, StartDate, EndDate, MainVacationHours, TimeForTimeHours, IsTimeForTime, userID ) values (11, 'Project Manager', 'Burn of third degree of abdominal wall, subsequent encounter', 'Emily', '9/18/2022', '6/16/2022', '7:33 PM', '8:33 AM', true, 11);
insert into Vacations (Id, Name, Description, Status, StartDate, EndDate, MainVacationHours, TimeForTimeHours, IsTimeForTime, userID ) values (12, 'Electrician', 'Superficial foreign body of scrotum and testes, init encntr', 'Emlynn', '11/27/2022', '1/20/2023', '5:21 PM', '1:57 PM', false, 12);
insert into Vacations (Id, Name, Description, Status, StartDate, EndDate, MainVacationHours, TimeForTimeHours, IsTimeForTime, userID ) values (13, 'Supervisor', 'War operations involving explosion of other marine weapons', 'Belvia', '10/10/2022', '12/8/2022', '1:49 PM', '10:09 PM', true, 13);
insert into Vacations (Id, Name, Description, Status, StartDate, EndDate, MainVacationHours, TimeForTimeHours, IsTimeForTime, userID ) values (14, 'Construction Expeditor', 'Follicular lymphoma, unspecified, unspecified site', 'Neile', '1/29/2023', '7/11/2022', '10:02 AM', '1:01 AM', false, 14);
insert into Vacations (Id, Name, Description, Status, StartDate, EndDate, MainVacationHours, TimeForTimeHours, IsTimeForTime, userID ) values (15, 'Architect', 'Abn results of function studies of ear and oth sp senses', 'Mildred', '4/23/2022', '9/12/2022', '6:30 PM', '9:35 PM', false, 15);
insert into Vacations (Id, Name, Description, Status, StartDate, EndDate, MainVacationHours, TimeForTimeHours, IsTimeForTime, userID ) values (16, 'Architect', 'Fall from babystroller, subsequent encounter', 'Denna', '12/2/2022', '9/14/2022', '2:02 AM', '9:53 PM', false, 16);
insert into Vacations (Id, Name, Description, Status, StartDate, EndDate, MainVacationHours, TimeForTimeHours, IsTimeForTime, userID ) values (17, 'Electrician', 'I/I react d/t implnt elec nstim of prph nrv, lead, subs', 'Larisa', '5/22/2022', '1/24/2023', '8:38 PM', '1:49 PM', false, 17);
insert into Vacations (Id, Name, Description, Status, StartDate, EndDate, MainVacationHours, TimeForTimeHours, IsTimeForTime, userID ) values (18, 'Construction Foreman', 'Rotator cuff tear or rupture, not specified as traumatic', 'Rivkah', '5/27/2022', '11/26/2022', '3:36 PM', '1:49 PM', true, 18);
insert into Vacations (Id, Name, Description, Status, StartDate, EndDate, MainVacationHours, TimeForTimeHours, IsTimeForTime, userID ) values (19, 'Engineer', 'Displ commnt fx unsp patella, 7thH', 'Florida', '1/3/2023', '11/9/2022', '11:55 PM', '6:44 PM', true, 19);
insert into Vacations (Id, Name, Description, Status, StartDate, EndDate, MainVacationHours, TimeForTimeHours, IsTimeForTime, userID ) values (20, 'Electrician', 'Unsp open wound of right thumb w damage to nail, init encntr', 'Carla', '8/18/2022', '6/28/2022', '5:06 PM', '4:56 PM', false, 20);
insert into Vacations (Id, Name, Description, Status, StartDate, EndDate, MainVacationHours, TimeForTimeHours, IsTimeForTime, userID ) values (21, 'Construction Manager', 'Burn due to water-skis on fire, initial encounter', 'Nadeen', '10/17/2022', '3/1/2022', '8:54 PM', '10:45 AM', false, 21);
insert into Vacations (Id, Name, Description, Status, StartDate, EndDate, MainVacationHours, TimeForTimeHours, IsTimeForTime, userID ) values (22, 'Project Manager', 'Nondisp fx of olecran pro w/o intartic extn unsp ulna, init', 'Lynnell', '2/24/2022', '8/31/2022', '2:03 PM', '1:12 AM', true, 22);
insert into Vacations (Id, Name, Description, Status, StartDate, EndDate, MainVacationHours, TimeForTimeHours, IsTimeForTime, userID ) values (23, 'Construction Manager', 'Traum hemor cereb, w LOC w death due to oth cause bf consc', 'Barbie', '12/22/2022', '5/23/2022', '12:23 AM', '5:06 PM', true, 23);
insert into Vacations (Id, Name, Description, Status, StartDate, EndDate, MainVacationHours, TimeForTimeHours, IsTimeForTime, userID ) values (24, 'Estimator', 'Poisoning by anterior pituitary hormones, self-harm', 'Denyse', '4/6/2022', '7/19/2022', '6:27 PM', '5:54 AM', false, 24);
insert into Vacations (Id, Name, Description, Status, StartDate, EndDate, MainVacationHours, TimeForTimeHours, IsTimeForTime, userID ) values (25, 'Electrician', 'Other streptococcal arthritis, right elbow', 'Lynnett', '5/31/2022', '11/4/2022', '5:29 PM', '10:33 PM', true, 25);
insert into Vacations (Id, Name, Description, Status, StartDate, EndDate, MainVacationHours, TimeForTimeHours, IsTimeForTime, userID ) values (26, 'Subcontractor', 'Corrosion of second degree of left axilla, subs encntr', 'Quintina', '4/23/2022', '2/4/2023', '5:37 PM', '12:29 AM', true, 26);
insert into Vacations (Id, Name, Description, Status, StartDate, EndDate, MainVacationHours, TimeForTimeHours, IsTimeForTime, userID ) values (27, 'Architect', 'Unspecified sprain of right wrist, sequela', 'Dollie', '12/20/2022', '4/4/2022', '2:47 PM', '2:38 PM', true, 27);
insert into Vacations (Id, Name, Description, Status, StartDate, EndDate, MainVacationHours, TimeForTimeHours, IsTimeForTime, userID ) values (28, 'Estimator', 'Unsp fracture of right forearm, subs for clos fx w malunion', 'Felicia', '5/10/2022', '8/30/2022', '6:16 AM', '1:35 PM', true, 28);
insert into Vacations (Id, Name, Description, Status, StartDate, EndDate, MainVacationHours, TimeForTimeHours, IsTimeForTime, userID ) values (29, 'Construction Manager', 'Laceration w/o foreign body of oth finger w damage to nail', 'Dael', '3/25/2022', '10/17/2022', '7:57 AM', '8:39 PM', true, 29);
insert into Vacations (Id, Name, Description, Status, StartDate, EndDate, MainVacationHours, TimeForTimeHours, IsTimeForTime, userID ) values (30, 'Architect', 'Driver of hv veh inj in clsn w rail trn/veh in traf, subs', 'Wilow', '6/26/2022', '3/22/2022', '5:30 PM', '12:33 AM', true, 30);
insert into Vacations (Id, Name, Description, Status, StartDate, EndDate, MainVacationHours, TimeForTimeHours, IsTimeForTime, userID ) values (31, 'Supervisor', 'Proc/trtmt not crd out bec pt belief and group pressure', 'Nicolina', '4/3/2022', '3/13/2022', '8:16 AM', '4:09 PM', false, 31);
insert into Vacations (Id, Name, Description, Status, StartDate, EndDate, MainVacationHours, TimeForTimeHours, IsTimeForTime, userID ) values (32, 'Estimator', 'Other constipation', 'Dredi', '2/27/2022', '5/23/2022', '7:29 AM', '2:21 AM', true, 32);
insert into Vacations (Id, Name, Description, Status, StartDate, EndDate, MainVacationHours, TimeForTimeHours, IsTimeForTime, userID ) values (33, 'Engineer', 'Chronic embolism and thrombosis of right popliteal vein', 'Laurena', '1/4/2023', '6/11/2022', '12:09 PM', '11:09 PM', false, 33);
insert into Vacations (Id, Name, Description, Status, StartDate, EndDate, MainVacationHours, TimeForTimeHours, IsTimeForTime, userID ) values (34, 'Construction Manager', 'Toxic effect of rodenticides, assault, initial encounter', 'Vinny', '7/26/2022', '10/19/2022', '5:42 PM', '7:05 AM', false, 34);
insert into Vacations (Id, Name, Description, Status, StartDate, EndDate, MainVacationHours, TimeForTimeHours, IsTimeForTime, userID ) values (35, 'Estimator', 'Complete traum amp of left hip and thigh, level unsp, init', 'Minette', '7/3/2022', '6/15/2022', '8:21 AM', '7:57 AM', false, 35);
insert into Vacations (Id, Name, Description, Status, StartDate, EndDate, MainVacationHours, TimeForTimeHours, IsTimeForTime, userID ) values (36, 'Supervisor', 'Disp fx of base of nk of unsp femr, 7thQ', 'Regina', '5/4/2022', '10/16/2022', '8:21 AM', '9:01 PM', true, 36);
insert into Vacations (Id, Name, Description, Status, StartDate, EndDate, MainVacationHours, TimeForTimeHours, IsTimeForTime, userID ) values (37, 'Construction Manager', 'Car driver injured in collision w 2/3-whl mv nontraf, init', 'Lilly', '1/27/2023', '1/13/2023', '6:37 PM', '4:10 PM', false, 37);
insert into Vacations (Id, Name, Description, Status, StartDate, EndDate, MainVacationHours, TimeForTimeHours, IsTimeForTime, userID ) values (38, 'Subcontractor', 'Other chronic hematogenous osteomyelitis, ankle and foot', 'Aloisia', '12/3/2022', '8/20/2022', '5:10 PM', '11:04 AM', false, 38);
insert into Vacations (Id, Name, Description, Status, StartDate, EndDate, MainVacationHours, TimeForTimeHours, IsTimeForTime, userID ) values (39, 'Electrician', 'Traum rupt of collat ligmt of r lit fngr at MCP/IP jt, sqla', 'Cathrine', '3/19/2022', '6/14/2022', '8:45 PM', '4:19 AM', true, 39);
insert into Vacations (Id, Name, Description, Status, StartDate, EndDate, MainVacationHours, TimeForTimeHours, IsTimeForTime, userID ) values (40, 'Electrician', 'Complete traumatic amputation of left great toe, sequela', 'Jerrilee', '8/21/2022', '10/24/2022', '3:19 AM', '9:44 AM', false, 40);
insert into Vacations (Id, Name, Description, Status, StartDate, EndDate, MainVacationHours, TimeForTimeHours, IsTimeForTime, userID ) values (41, 'Electrician', 'Acquired stenosis of ext ear canal sec to inflam and infct', 'Cele', '10/14/2022', '11/1/2022', '4:09 PM', '11:45 PM', false, 41);
insert into Vacations (Id, Name, Description, Status, StartDate, EndDate, MainVacationHours, TimeForTimeHours, IsTimeForTime, userID ) values (42, 'Supervisor', 'Burn of third degree of right lower leg, sequela', 'Lyssa', '5/19/2022', '7/12/2022', '3:59 AM', '8:51 AM', true, 42);
insert into Vacations (Id, Name, Description, Status, StartDate, EndDate, MainVacationHours, TimeForTimeHours, IsTimeForTime, userID ) values (43, 'Electrician', 'Disp fx of proximal phalanx of left middle finger, sequela', 'Robinett', '5/15/2022', '3/24/2022', '4:14 AM', '3:12 PM', true, 43);
insert into Vacations (Id, Name, Description, Status, StartDate, EndDate, MainVacationHours, TimeForTimeHours, IsTimeForTime, userID ) values (44, 'Project Manager', 'Spastic entropion of left lower eyelid', 'Michaela', '9/16/2022', '7/6/2022', '1:01 PM', '9:21 PM', false, 44);
insert into Vacations (Id, Name, Description, Status, StartDate, EndDate, MainVacationHours, TimeForTimeHours, IsTimeForTime, userID ) values (45, 'Estimator', 'Occ of rail trn/veh inj d/t explosn or fire on train, sqla', 'Deena', '4/9/2022', '12/12/2022', '11:51 AM', '2:07 AM', true, 45);
insert into Vacations (Id, Name, Description, Status, StartDate, EndDate, MainVacationHours, TimeForTimeHours, IsTimeForTime, userID ) values (46, 'Architect', 'Oth fx upper end of left radius, subs for clos fx w malunion', 'Samaria', '5/26/2022', '1/26/2023', '4:22 PM', '7:28 PM', false, 46);
insert into Vacations (Id, Name, Description, Status, StartDate, EndDate, MainVacationHours, TimeForTimeHours, IsTimeForTime, userID ) values (47, 'Construction Manager', 'Oth diab with moderate nonp rtnop with macular edema, l eye', 'Marlyn', '2/9/2023', '3/22/2022', '10:00 PM', '12:44 AM', true, 47);
insert into Vacations (Id, Name, Description, Status, StartDate, EndDate, MainVacationHours, TimeForTimeHours, IsTimeForTime, userID ) values (48, 'Electrician', 'Poisoning by chloramphenicol group, assault', 'Louisa', '6/11/2022', '5/13/2022', '11:04 AM', '10:23 PM', true, 48);
insert into Vacations (Id, Name, Description, Status, StartDate, EndDate, MainVacationHours, TimeForTimeHours, IsTimeForTime, userID ) values (49, 'Supervisor', 'Lead-induced chronic gout, unspecified hand, with tophus', 'Babbette', '7/1/2022', '5/10/2022', '11:16 PM', '1:24 AM', true, 49);
insert into Vacations (Id, Name, Description, Status, StartDate, EndDate, MainVacationHours, TimeForTimeHours, IsTimeForTime, userID ) values (50, 'Subcontractor', 'Congenital and developmental myasthenia', 'Quinta', '8/25/2022', '2/26/2022', '4:48 AM', '3:48 PM', true, 50);
insert into Vacations (Id, Name, Description, Status, StartDate, EndDate, MainVacationHours, TimeForTimeHours, IsTimeForTime, userID ) values (51, 'Architect', 'Displaced unsp fx left great toe, subs for fx w delay heal', 'Corinna', '5/19/2022', '9/30/2022', '12:42 AM', '6:57 AM', false, 51);
insert into Vacations (Id, Name, Description, Status, StartDate, EndDate, MainVacationHours, TimeForTimeHours, IsTimeForTime, userID ) values (52, 'Engineer', 'Dislocation of carpometacarpal joint of unsp thumb, subs', 'Yetta', '3/15/2022', '5/9/2022', '8:54 AM', '3:30 PM', false, 52);
insert into Vacations (Id, Name, Description, Status, StartDate, EndDate, MainVacationHours, TimeForTimeHours, IsTimeForTime, userID ) values (53, 'Architect', 'Toxic eff of cntct w oth venom marine animals, slf-hrm, sqla', 'Eryn', '6/27/2022', '9/8/2022', '8:52 PM', '1:05 PM', true, 53);
insert into Vacations (Id, Name, Description, Status, StartDate, EndDate, MainVacationHours, TimeForTimeHours, IsTimeForTime, userID ) values (54, 'Project Manager', 'Acromegaly and pituitary gigantism', 'Carroll', '6/1/2022', '3/7/2022', '7:03 AM', '4:41 PM', true, 54);
insert into Vacations (Id, Name, Description, Status, StartDate, EndDate, MainVacationHours, TimeForTimeHours, IsTimeForTime, userID ) values (55, 'Supervisor', 'Blister (nonthermal), unspecified knee, initial encounter', 'Emelia', '4/8/2022', '11/7/2022', '2:05 PM', '11:53 AM', false, 55);
insert into Vacations (Id, Name, Description, Status, StartDate, EndDate, MainVacationHours, TimeForTimeHours, IsTimeForTime, userID ) values (56, 'Construction Foreman', 'Disp fx of ant wall of unsp acetab, subs for fx w delay heal', 'Georgiana', '9/27/2022', '7/27/2022', '12:20 AM', '10:46 PM', false, 56);
insert into Vacations (Id, Name, Description, Status, StartDate, EndDate, MainVacationHours, TimeForTimeHours, IsTimeForTime, userID ) values (57, 'Surveyor', 'Other snowboard accident, initial encounter', 'Hannie', '9/11/2022', '8/13/2022', '11:23 PM', '5:41 AM', false, 57);
insert into Vacations (Id, Name, Description, Status, StartDate, EndDate, MainVacationHours, TimeForTimeHours, IsTimeForTime, userID ) values (58, 'Electrician', 'Chronic gout due to renal impairment, right shoulder', 'Mirna', '6/28/2022', '4/24/2022', '12:01 AM', '3:39 PM', true, 58);
insert into Vacations (Id, Name, Description, Status, StartDate, EndDate, MainVacationHours, TimeForTimeHours, IsTimeForTime, userID ) values (59, 'Construction Manager', 'Displ commnt fx shaft of r fibula, 7thH', 'Gertie', '8/5/2022', '6/16/2022', '11:41 AM', '10:24 AM', false, 59);
insert into Vacations (Id, Name, Description, Status, StartDate, EndDate, MainVacationHours, TimeForTimeHours, IsTimeForTime, userID ) values (60, 'Construction Expeditor', 'Unsp comp of fb acc left in body following oth procedure', 'Pammi', '8/18/2022', '5/25/2022', '12:58 PM', '3:38 AM', false, 60);
insert into Vacations (Id, Name, Description, Status, StartDate, EndDate, MainVacationHours, TimeForTimeHours, IsTimeForTime, userID ) values (61, 'Electrician', 'X-linked adrenoleukodystrophy', 'Alena', '9/10/2022', '6/27/2022', '11:07 PM', '2:36 AM', true, 61);
insert into Vacations (Id, Name, Description, Status, StartDate, EndDate, MainVacationHours, TimeForTimeHours, IsTimeForTime, userID ) values (62, 'Engineer', 'Rheumatoid arthritis w/o rheumatoid factor, left shoulder', 'Issy', '11/7/2022', '12/22/2022', '7:45 PM', '1:41 PM', false, 62);
insert into Vacations (Id, Name, Description, Status, StartDate, EndDate, MainVacationHours, TimeForTimeHours, IsTimeForTime, userID ) values (63, 'Project Manager', 'Legal intervention involving injury by machine gun', 'Jackquelin', '9/21/2022', '2/11/2023', '11:17 PM', '1:08 PM', true, 63);
insert into Vacations (Id, Name, Description, Status, StartDate, EndDate, MainVacationHours, TimeForTimeHours, IsTimeForTime, userID ) values (64, 'Construction Worker', 'Other injury of unsp urinary and pelvic organ, sequela', 'Ezmeralda', '4/12/2022', '5/30/2022', '6:57 AM', '4:42 AM', false, 64);
insert into Vacations (Id, Name, Description, Status, StartDate, EndDate, MainVacationHours, TimeForTimeHours, IsTimeForTime, userID ) values (65, 'Construction Foreman', 'Opioid dependence with opioid-induced sexual dysfunction', 'Ofilia', '7/27/2022', '12/11/2022', '2:04 AM', '8:07 PM', true, 65);
insert into Vacations (Id, Name, Description, Status, StartDate, EndDate, MainVacationHours, TimeForTimeHours, IsTimeForTime, userID ) values (66, 'Construction Manager', 'Burn of first degree of scalp, subsequent encounter', 'Elysee', '3/5/2022', '4/7/2022', '8:09 AM', '9:58 AM', false, 66);
insert into Vacations (Id, Name, Description, Status, StartDate, EndDate, MainVacationHours, TimeForTimeHours, IsTimeForTime, userID ) values (67, 'Engineer', 'Displ transverse fx shaft of unsp ulna, 7thM', 'Maire', '2/24/2022', '8/4/2022', '3:08 PM', '11:59 AM', false, 67);
insert into Vacations (Id, Name, Description, Status, StartDate, EndDate, MainVacationHours, TimeForTimeHours, IsTimeForTime, userID ) values (68, 'Surveyor', 'Chronic gout due to renal impairment, unspecified hip', 'Nalani', '11/6/2022', '9/3/2022', '2:39 PM', '3:19 PM', false, 68);
insert into Vacations (Id, Name, Description, Status, StartDate, EndDate, MainVacationHours, TimeForTimeHours, IsTimeForTime, userID ) values (69, 'Construction Worker', 'Posterior synechiae (iris), unspecified eye', 'Letitia', '11/29/2022', '12/2/2022', '2:47 PM', '1:00 AM', false, 69);
insert into Vacations (Id, Name, Description, Status, StartDate, EndDate, MainVacationHours, TimeForTimeHours, IsTimeForTime, userID ) values (70, 'Architect', 'Laceration of other urinary and pelvic organ, subs encntr', 'Ashlie', '5/18/2022', '2/13/2023', '5:15 AM', '1:59 AM', true, 70);
insert into Vacations (Id, Name, Description, Status, StartDate, EndDate, MainVacationHours, TimeForTimeHours, IsTimeForTime, userID ) values (71, 'Architect', 'Infection of tracheostomy stoma', 'Charlene', '1/20/2023', '9/24/2022', '10:33 PM', '6:51 PM', true, 71);
insert into Vacations (Id, Name, Description, Status, StartDate, EndDate, MainVacationHours, TimeForTimeHours, IsTimeForTime, userID ) values (72, 'Architect', 'Other coma, without Glasgow, or w/part score, 24+hrs', 'Tansy', '4/25/2022', '4/19/2022', '1:13 PM', '9:33 PM', true, 72);
insert into Vacations (Id, Name, Description, Status, StartDate, EndDate, MainVacationHours, TimeForTimeHours, IsTimeForTime, userID ) values (73, 'Supervisor', 'Adverse effect of mixed antiepileptics', 'Bab', '7/11/2022', '3/18/2022', '9:54 AM', '5:49 AM', true, 73);
insert into Vacations (Id, Name, Description, Status, StartDate, EndDate, MainVacationHours, TimeForTimeHours, IsTimeForTime, userID ) values (74, 'Construction Worker', 'Displaced Rolando''s fracture, left hand, init for clos fx', 'Georgina', '7/28/2022', '7/26/2022', '5:15 PM', '3:12 AM', false, 74);
insert into Vacations (Id, Name, Description, Status, StartDate, EndDate, MainVacationHours, TimeForTimeHours, IsTimeForTime, userID ) values (75, 'Engineer', 'Medial disloc of proximal end of tibia, right knee, init', 'Madge', '7/7/2022', '12/28/2022', '5:37 PM', '10:41 AM', true, 75);
insert into Vacations (Id, Name, Description, Status, StartDate, EndDate, MainVacationHours, TimeForTimeHours, IsTimeForTime, userID ) values (76, 'Surveyor', 'Nondisp fx of less tuberosity of l humer, 7thG', 'Deloria', '8/22/2022', '7/4/2022', '7:16 PM', '6:31 PM', true, 76);
insert into Vacations (Id, Name, Description, Status, StartDate, EndDate, MainVacationHours, TimeForTimeHours, IsTimeForTime, userID ) values (77, 'Construction Expeditor', 'Non-ABO incompat react d/t tranfs of bld/bld prod,unsp, init', 'Liuka', '9/23/2022', '4/25/2022', '3:59 PM', '10:19 AM', true, 77);
insert into Vacations (Id, Name, Description, Status, StartDate, EndDate, MainVacationHours, TimeForTimeHours, IsTimeForTime, userID ) values (78, 'Estimator', 'Breakdown of unsp cardiac electronic device, sequela', 'Bessy', '10/24/2022', '10/24/2022', '7:20 PM', '6:25 AM', true, 78);
insert into Vacations (Id, Name, Description, Status, StartDate, EndDate, MainVacationHours, TimeForTimeHours, IsTimeForTime, userID ) values (79, 'Estimator', 'Pathological fracture in oth disease, r shoulder, sequela', 'Virgie', '2/28/2022', '1/23/2023', '6:27 AM', '6:09 AM', true, 79);
insert into Vacations (Id, Name, Description, Status, StartDate, EndDate, MainVacationHours, TimeForTimeHours, IsTimeForTime, userID ) values (80, 'Construction Foreman', 'Helicopter accident injuring occupant', 'Jaclin', '7/17/2022', '12/29/2022', '5:52 PM', '10:37 PM', true, 80);
insert into Vacations (Id, Name, Description, Status, StartDate, EndDate, MainVacationHours, TimeForTimeHours, IsTimeForTime, userID ) values (81, 'Construction Manager', 'Anaplstc lg cell lymph, ALK-pos, nodes of axla and upr limb', 'Timothea', '6/12/2022', '7/13/2022', '12:35 AM', '7:49 PM', false, 81);
insert into Vacations (Id, Name, Description, Status, StartDate, EndDate, MainVacationHours, TimeForTimeHours, IsTimeForTime, userID ) values (82, 'Surveyor', 'Laceration of thoracic trachea, subsequent encounter', 'Glynis', '9/26/2022', '1/1/2023', '12:54 AM', '4:40 PM', false, 82);
insert into Vacations (Id, Name, Description, Status, StartDate, EndDate, MainVacationHours, TimeForTimeHours, IsTimeForTime, userID ) values (83, 'Engineer', 'Terrorism involving nuclear weapons, terrorist injured, init', 'Iolanthe', '6/2/2022', '8/21/2022', '10:13 PM', '9:17 PM', true, 83);
insert into Vacations (Id, Name, Description, Status, StartDate, EndDate, MainVacationHours, TimeForTimeHours, IsTimeForTime, userID ) values (84, 'Subcontractor', 'Stress fracture, right fibula', 'Sacha', '10/12/2022', '4/29/2022', '11:21 AM', '11:56 PM', false, 84);
insert into Vacations (Id, Name, Description, Status, StartDate, EndDate, MainVacationHours, TimeForTimeHours, IsTimeForTime, userID ) values (85, 'Supervisor', 'Idiopathic aseptic necrosis of unspecified ulna', 'Saraann', '5/12/2022', '11/3/2022', '4:18 AM', '2:56 AM', false, 85);
insert into Vacations (Id, Name, Description, Status, StartDate, EndDate, MainVacationHours, TimeForTimeHours, IsTimeForTime, userID ) values (86, 'Engineer', 'Acquired absence of right breast and nipple', 'Darda', '2/18/2022', '5/20/2022', '4:04 PM', '3:07 PM', false, 86);
insert into Vacations (Id, Name, Description, Status, StartDate, EndDate, MainVacationHours, TimeForTimeHours, IsTimeForTime, userID ) values (87, 'Subcontractor', 'Poisn by anticoag antag, vit K and oth coag, assault, init', 'Kalindi', '10/29/2022', '5/1/2022', '4:53 PM', '10:52 AM', false, 87);
insert into Vacations (Id, Name, Description, Status, StartDate, EndDate, MainVacationHours, TimeForTimeHours, IsTimeForTime, userID ) values (88, 'Supervisor', 'Pedestrian injured in other and unsp transport accidents', 'Nike', '8/8/2022', '2/26/2022', '6:50 PM', '1:35 AM', true, 88);
insert into Vacations (Id, Name, Description, Status, StartDate, EndDate, MainVacationHours, TimeForTimeHours, IsTimeForTime, userID ) values (89, 'Estimator', 'Fall into swimming pool strk surfc causing oth injury, subs', 'Marylou', '5/23/2022', '6/5/2022', '5:49 PM', '7:54 AM', false, 89);
insert into Vacations (Id, Name, Description, Status, StartDate, EndDate, MainVacationHours, TimeForTimeHours, IsTimeForTime, userID ) values (90, 'Supervisor', 'Fx unsp prt of nk of unsp femr, 7thN', 'Luz', '5/9/2022', '4/9/2022', '6:25 PM', '3:30 AM', true, 90);
insert into Vacations (Id, Name, Description, Status, StartDate, EndDate, MainVacationHours, TimeForTimeHours, IsTimeForTime, userID ) values (91, 'Architect', 'Laceration of musc/fasc/tend at shldr/up arm, left arm, subs', 'Nerte', '2/22/2022', '3/23/2022', '5:28 AM', '12:19 PM', false, 91);
insert into Vacations (Id, Name, Description, Status, StartDate, EndDate, MainVacationHours, TimeForTimeHours, IsTimeForTime, userID ) values (92, 'Architect', 'Unsp injury of dorsal vein of unspecified foot, init encntr', 'Netti', '1/11/2023', '1/4/2023', '7:10 AM', '10:53 PM', true, 92);
insert into Vacations (Id, Name, Description, Status, StartDate, EndDate, MainVacationHours, TimeForTimeHours, IsTimeForTime, userID ) values (93, 'Construction Expeditor', 'Leakage of surgically created arteriovenous shunt', 'Justina', '3/16/2022', '6/6/2022', '12:14 AM', '4:09 AM', true, 93);
insert into Vacations (Id, Name, Description, Status, StartDate, EndDate, MainVacationHours, TimeForTimeHours, IsTimeForTime, userID ) values (94, 'Construction Expeditor', 'Toxic effect of contact with stingray, undetermined, sequela', 'Miquela', '5/24/2022', '8/29/2022', '1:16 AM', '9:05 PM', false, 94);
insert into Vacations (Id, Name, Description, Status, StartDate, EndDate, MainVacationHours, TimeForTimeHours, IsTimeForTime, userID ) values (95, 'Engineer', 'Post disp fx of sternal end of l clavicle, init for opn fx', 'Tamiko', '10/3/2022', '3/8/2022', '11:55 AM', '5:41 AM', false, 95);
insert into Vacations (Id, Name, Description, Status, StartDate, EndDate, MainVacationHours, TimeForTimeHours, IsTimeForTime, userID ) values (96, 'Project Manager', 'Disp fx of intermed cuneiform of r ft, 7thD', 'Hertha', '6/21/2022', '1/10/2023', '6:51 PM', '3:48 PM', false, 96);
insert into Vacations (Id, Name, Description, Status, StartDate, EndDate, MainVacationHours, TimeForTimeHours, IsTimeForTime, userID ) values (97, 'Architect', 'Oth intraop and postproc comp and disorders of resp sys, NEC', 'Aurora', '5/20/2022', '2/16/2022', '11:15 AM', '1:21 PM', true, 97);
insert into Vacations (Id, Name, Description, Status, StartDate, EndDate, MainVacationHours, TimeForTimeHours, IsTimeForTime, userID ) values (98, 'Construction Worker', 'Galeazzi''s fx unsp rad, 7thH', 'Vevay', '7/6/2022', '3/21/2022', '2:59 AM', '10:27 PM', true, 98);
insert into Vacations (Id, Name, Description, Status, StartDate, EndDate, MainVacationHours, TimeForTimeHours, IsTimeForTime, userID ) values (99, 'Subcontractor', 'Personal history of nicotine dependence', 'Sibilla', '9/10/2022', '4/16/2022', '6:52 AM', '9:01 PM', false, 99);
insert into Vacations (Id, Name, Description, Status, StartDate, EndDate, MainVacationHours, TimeForTimeHours, IsTimeForTime, userID ) values (100, 'Construction Expeditor', 'Unspecified dacryoadenitis, right lacrimal gland', 'Chad', '8/6/2022', '4/19/2022', '6:16 AM', '4:43 AM', false, 100);

insert into Schedules (Id, Shift, StartDate, EndDate, StartHour, EndHour, userID ) values (1, 'Construction Expeditor', '10/28/2022', '5/30/2022', '4:37 PM', '2:42 AM', 1);
insert into Schedules (Id, Shift, StartDate, EndDate, StartHour, EndHour, userID ) values (2, 'Surveyor', '1/3/2023', '2/28/2022', '3:37 AM', '12:42 AM', 2);
insert into Schedules (Id, Shift, StartDate, EndDate, StartHour, EndHour, userID ) values (3, 'Construction Expeditor', '3/26/2022', '4/9/2022', '12:30 PM', '2:16 AM', 3);
insert into Schedules (Id, Shift, StartDate, EndDate, StartHour, EndHour, userID ) values (4, 'Construction Foreman', '4/16/2022', '2/14/2022', '2:25 AM', '3:52 AM', 4);
insert into Schedules (Id, Shift, StartDate, EndDate, StartHour, EndHour, userID ) values (5, 'Estimator', '8/13/2022', '1/31/2023', '7:12 PM', '5:27 PM', 5);
insert into Schedules (Id, Shift, StartDate, EndDate, StartHour, EndHour, userID ) values (6, 'Construction Worker', '11/30/2022', '12/30/2022', '6:11 PM', '12:40 PM', 6);
insert into Schedules (Id, Shift, StartDate, EndDate, StartHour, EndHour, userID ) values (7, 'Supervisor', '7/25/2022', '3/27/2022', '8:42 PM', '6:41 AM', 7);
insert into Schedules (Id, Shift, StartDate, EndDate, StartHour, EndHour, userID ) values (8, 'Construction Manager', '2/17/2022', '11/9/2022', '1:58 PM', '8:45 AM', 8);
insert into Schedules (Id, Shift, StartDate, EndDate, StartHour, EndHour, userID ) values (9, 'Engineer', '4/21/2022', '6/30/2022', '3:00 AM', '12:01 PM', 9);
insert into Schedules (Id, Shift, StartDate, EndDate, StartHour, EndHour, userID ) values (10, 'Construction Expeditor', '9/3/2022', '7/18/2022', '1:50 PM', '7:50 PM', 10);
insert into Schedules (Id, Shift, StartDate, EndDate, StartHour, EndHour, userID ) values (11, 'Engineer', '10/24/2022', '10/22/2022', '3:35 PM', '7:56 PM', 11);
insert into Schedules (Id, Shift, StartDate, EndDate, StartHour, EndHour, userID ) values (12, 'Estimator', '4/11/2022', '1/24/2023', '7:46 PM', '9:06 PM', 12);
insert into Schedules (Id, Shift, StartDate, EndDate, StartHour, EndHour, userID ) values (13, 'Estimator', '5/12/2022', '1/28/2023', '7:53 PM', '1:13 PM', 13);
insert into Schedules (Id, Shift, StartDate, EndDate, StartHour, EndHour, userID ) values (14, 'Construction Expeditor', '6/19/2022', '1/22/2023', '1:22 PM', '6:34 PM', 14);
insert into Schedules (Id, Shift, StartDate, EndDate, StartHour, EndHour, userID ) values (15, 'Project Manager', '11/3/2022', '3/30/2022', '10:28 PM', '10:09 PM', 15);
insert into Schedules (Id, Shift, StartDate, EndDate, StartHour, EndHour, userID ) values (16, 'Construction Manager', '2/12/2023', '7/21/2022', '9:39 PM', '12:30 AM', 16);
insert into Schedules (Id, Shift, StartDate, EndDate, StartHour, EndHour, userID ) values (17, 'Estimator', '9/21/2022', '8/21/2022', '11:53 AM', '10:03 AM', 17);
insert into Schedules (Id, Shift, StartDate, EndDate, StartHour, EndHour, userID ) values (18, 'Construction Expeditor', '4/4/2022', '6/14/2022', '1:44 AM', '7:05 AM', 18);
insert into Schedules (Id, Shift, StartDate, EndDate, StartHour, EndHour, userID ) values (19, 'Project Manager', '8/3/2022', '1/16/2023', '6:47 PM', '2:25 AM', 19);
insert into Schedules (Id, Shift, StartDate, EndDate, StartHour, EndHour, userID ) values (20, 'Supervisor', '2/21/2022', '2/2/2023', '3:20 PM', '2:58 AM', 20);
insert into Schedules (Id, Shift, StartDate, EndDate, StartHour, EndHour, userID ) values (21, 'Project Manager', '5/28/2022', '1/23/2023', '8:32 AM', '5:37 AM', 21);
insert into Schedules (Id, Shift, StartDate, EndDate, StartHour, EndHour, userID ) values (22, 'Engineer', '12/24/2022', '7/25/2022', '8:06 AM', '12:45 PM', 22);
insert into Schedules (Id, Shift, StartDate, EndDate, StartHour, EndHour, userID ) values (23, 'Supervisor', '7/1/2022', '11/27/2022', '10:08 PM', '4:16 PM', 23);
insert into Schedules (Id, Shift, StartDate, EndDate, StartHour, EndHour, userID ) values (24, 'Project Manager', '3/1/2022', '4/6/2022', '11:18 PM', '2:01 AM', 24);
insert into Schedules (Id, Shift, StartDate, EndDate, StartHour, EndHour, userID ) values (25, 'Engineer', '8/15/2022', '12/28/2022', '11:12 PM', '4:08 AM', 25);
insert into Schedules (Id, Shift, StartDate, EndDate, StartHour, EndHour, userID ) values (26, 'Construction Manager', '9/15/2022', '5/12/2022', '3:30 AM', '1:56 PM', 26);
insert into Schedules (Id, Shift, StartDate, EndDate, StartHour, EndHour, userID ) values (27, 'Electrician', '3/1/2022', '12/29/2022', '11:42 AM', '11:25 PM', 27);
insert into Schedules (Id, Shift, StartDate, EndDate, StartHour, EndHour, userID ) values (28, 'Supervisor', '9/1/2022', '2/14/2022', '11:28 AM', '8:29 PM', 28);
insert into Schedules (Id, Shift, StartDate, EndDate, StartHour, EndHour, userID ) values (29, 'Construction Manager', '2/3/2023', '9/26/2022', '11:10 PM', '7:50 PM', 29);
insert into Schedules (Id, Shift, StartDate, EndDate, StartHour, EndHour, userID ) values (30, 'Construction Manager', '5/29/2022', '11/30/2022', '7:13 PM', '10:48 AM', 30);
insert into Schedules (Id, Shift, StartDate, EndDate, StartHour, EndHour, userID ) values (31, 'Subcontractor', '5/2/2022', '6/21/2022', '9:32 AM', '6:56 PM', 31);
insert into Schedules (Id, Shift, StartDate, EndDate, StartHour, EndHour, userID ) values (32, 'Construction Expeditor', '4/30/2022', '5/29/2022', '5:57 AM', '9:36 AM', 32);
insert into Schedules (Id, Shift, StartDate, EndDate, StartHour, EndHour, userID ) values (33, 'Construction Foreman', '3/6/2022', '4/22/2022', '4:41 AM', '7:49 PM', 33);
insert into Schedules (Id, Shift, StartDate, EndDate, StartHour, EndHour, userID ) values (34, 'Architect', '9/9/2022', '3/16/2022', '10:02 PM', '2:07 PM', 34);
insert into Schedules (Id, Shift, StartDate, EndDate, StartHour, EndHour, userID ) values (35, 'Estimator', '5/22/2022', '12/22/2022', '12:00 PM', '7:58 PM', 35);
insert into Schedules (Id, Shift, StartDate, EndDate, StartHour, EndHour, userID ) values (36, 'Electrician', '9/10/2022', '11/18/2022', '8:23 PM', '1:50 PM', 36);
insert into Schedules (Id, Shift, StartDate, EndDate, StartHour, EndHour, userID ) values (37, 'Construction Worker', '3/27/2022', '5/31/2022', '12:04 AM', '6:13 AM', 37);
insert into Schedules (Id, Shift, StartDate, EndDate, StartHour, EndHour, userID ) values (38, 'Construction Expeditor', '7/27/2022', '11/26/2022', '7:10 AM', '7:08 AM', 38);
insert into Schedules (Id, Shift, StartDate, EndDate, StartHour, EndHour, userID ) values (39, 'Subcontractor', '2/13/2023', '12/31/2022', '7:42 AM', '11:31 AM', 39);
insert into Schedules (Id, Shift, StartDate, EndDate, StartHour, EndHour, userID ) values (40, 'Supervisor', '6/23/2022', '6/29/2022', '10:57 PM', '7:19 PM', 40);
insert into Schedules (Id, Shift, StartDate, EndDate, StartHour, EndHour, userID ) values (41, 'Electrician', '5/14/2022', '12/18/2022', '2:38 AM', '12:13 AM', 41);
insert into Schedules (Id, Shift, StartDate, EndDate, StartHour, EndHour, userID ) values (42, 'Subcontractor', '2/4/2023', '10/25/2022', '7:49 AM', '12:05 PM', 42);
insert into Schedules (Id, Shift, StartDate, EndDate, StartHour, EndHour, userID ) values (43, 'Project Manager', '6/6/2022', '10/20/2022', '7:57 AM', '4:42 PM', 43);
insert into Schedules (Id, Shift, StartDate, EndDate, StartHour, EndHour, userID ) values (44, 'Surveyor', '3/6/2022', '6/30/2022', '10:14 AM', '5:39 AM', 44);
insert into Schedules (Id, Shift, StartDate, EndDate, StartHour, EndHour, userID ) values (45, 'Architect', '2/9/2023', '9/28/2022', '8:21 PM', '1:51 AM', 45);
insert into Schedules (Id, Shift, StartDate, EndDate, StartHour, EndHour, userID ) values (46, 'Surveyor', '9/12/2022', '9/28/2022', '9:46 PM', '10:57 PM', 46);
insert into Schedules (Id, Shift, StartDate, EndDate, StartHour, EndHour, userID ) values (47, 'Construction Expeditor', '9/30/2022', '12/22/2022', '6:33 PM', '11:58 AM', 47);
insert into Schedules (Id, Shift, StartDate, EndDate, StartHour, EndHour, userID ) values (48, 'Construction Worker', '8/21/2022', '10/8/2022', '7:35 PM', '11:51 PM', 48);
insert into Schedules (Id, Shift, StartDate, EndDate, StartHour, EndHour, userID ) values (49, 'Surveyor', '8/17/2022', '11/4/2022', '11:41 PM', '9:44 PM', 49);
insert into Schedules (Id, Shift, StartDate, EndDate, StartHour, EndHour, userID ) values (50, 'Project Manager', '10/10/2022', '6/5/2022', '10:01 PM', '12:59 PM', 50);
insert into Schedules (Id, Shift, StartDate, EndDate, StartHour, EndHour, userID ) values (51, 'Construction Foreman', '12/25/2022', '7/19/2022', '2:56 PM', '6:04 PM', 51);
insert into Schedules (Id, Shift, StartDate, EndDate, StartHour, EndHour, userID ) values (52, 'Surveyor', '7/13/2022', '4/1/2022', '4:05 PM', '6:02 PM', 52);
insert into Schedules (Id, Shift, StartDate, EndDate, StartHour, EndHour, userID ) values (53, 'Architect', '12/23/2022', '6/27/2022', '9:20 PM', '1:09 AM', 53);
insert into Schedules (Id, Shift, StartDate, EndDate, StartHour, EndHour, userID ) values (54, 'Subcontractor', '2/20/2022', '10/16/2022', '6:10 AM', '7:38 AM', 54);
insert into Schedules (Id, Shift, StartDate, EndDate, StartHour, EndHour, userID ) values (55, 'Construction Foreman', '2/11/2023', '2/10/2023', '4:11 AM', '1:44 AM', 55);
insert into Schedules (Id, Shift, StartDate, EndDate, StartHour, EndHour, userID ) values (56, 'Construction Expeditor', '2/13/2023', '6/15/2022', '1:52 PM', '5:45 AM', 56);
insert into Schedules (Id, Shift, StartDate, EndDate, StartHour, EndHour, userID ) values (57, 'Electrician', '12/20/2022', '5/7/2022', '5:28 PM', '2:06 AM', 57);
insert into Schedules (Id, Shift, StartDate, EndDate, StartHour, EndHour, userID ) values (58, 'Subcontractor', '5/23/2022', '8/11/2022', '7:14 AM', '11:56 AM', 58);
insert into Schedules (Id, Shift, StartDate, EndDate, StartHour, EndHour, userID ) values (59, 'Electrician', '1/14/2023', '4/30/2022', '7:48 AM', '5:50 AM', 59);
insert into Schedules (Id, Shift, StartDate, EndDate, StartHour, EndHour, userID ) values (60, 'Project Manager', '9/2/2022', '2/12/2023', '6:08 PM', '5:34 AM', 60);
insert into Schedules (Id, Shift, StartDate, EndDate, StartHour, EndHour, userID ) values (61, 'Construction Expeditor', '4/15/2022', '8/31/2022', '5:15 PM', '1:19 PM', 61);
insert into Schedules (Id, Shift, StartDate, EndDate, StartHour, EndHour, userID ) values (62, 'Project Manager', '10/10/2022', '8/24/2022', '6:21 PM', '3:44 PM', 62);
insert into Schedules (Id, Shift, StartDate, EndDate, StartHour, EndHour, userID ) values (63, 'Estimator', '3/6/2022', '9/28/2022', '8:26 AM', '6:10 AM', 63);
insert into Schedules (Id, Shift, StartDate, EndDate, StartHour, EndHour, userID ) values (64, 'Supervisor', '2/23/2022', '10/21/2022', '4:24 PM', '10:00 AM', 64);
insert into Schedules (Id, Shift, StartDate, EndDate, StartHour, EndHour, userID ) values (65, 'Construction Foreman', '5/22/2022', '8/23/2022', '4:51 AM', '1:43 PM', 65);
insert into Schedules (Id, Shift, StartDate, EndDate, StartHour, EndHour, userID ) values (66, 'Architect', '12/22/2022', '5/22/2022', '8:54 PM', '2:14 AM', 66);
insert into Schedules (Id, Shift, StartDate, EndDate, StartHour, EndHour, userID ) values (67, 'Electrician', '6/5/2022', '2/12/2023', '9:10 PM', '5:30 AM', 67);
insert into Schedules (Id, Shift, StartDate, EndDate, StartHour, EndHour, userID ) values (68, 'Project Manager', '2/9/2023', '7/27/2022', '2:47 PM', '1:34 PM', 68);
insert into Schedules (Id, Shift, StartDate, EndDate, StartHour, EndHour, userID ) values (69, 'Construction Foreman', '10/22/2022', '8/7/2022', '4:26 PM', '8:39 AM', 69);
insert into Schedules (Id, Shift, StartDate, EndDate, StartHour, EndHour, userID ) values (70, 'Estimator', '3/21/2022', '7/3/2022', '11:11 PM', '4:33 AM', 70);
insert into Schedules (Id, Shift, StartDate, EndDate, StartHour, EndHour, userID ) values (71, 'Estimator', '2/9/2023', '1/3/2023', '12:50 PM', '11:29 AM', 71);
insert into Schedules (Id, Shift, StartDate, EndDate, StartHour, EndHour, userID ) values (72, 'Supervisor', '11/19/2022', '2/4/2023', '1:34 AM', '5:41 PM', 72);
insert into Schedules (Id, Shift, StartDate, EndDate, StartHour, EndHour, userID ) values (73, 'Supervisor', '6/27/2022', '6/27/2022', '4:33 PM', '3:33 AM', 73);
insert into Schedules (Id, Shift, StartDate, EndDate, StartHour, EndHour, userID ) values (74, 'Architect', '2/14/2022', '7/17/2022', '4:06 AM', '6:33 PM', 74);
insert into Schedules (Id, Shift, StartDate, EndDate, StartHour, EndHour, userID ) values (75, 'Construction Foreman', '6/20/2022', '10/11/2022', '10:03 AM', '9:46 AM', 75);
insert into Schedules (Id, Shift, StartDate, EndDate, StartHour, EndHour, userID ) values (76, 'Engineer', '1/10/2023', '10/1/2022', '5:32 PM', '10:20 PM', 76);
insert into Schedules (Id, Shift, StartDate, EndDate, StartHour, EndHour, userID ) values (77, 'Construction Foreman', '1/10/2023', '11/15/2022', '4:30 PM', '10:23 AM', 77);
insert into Schedules (Id, Shift, StartDate, EndDate, StartHour, EndHour, userID ) values (78, 'Electrician', '12/4/2022', '8/2/2022', '6:56 PM', '3:00 PM', 78);
insert into Schedules (Id, Shift, StartDate, EndDate, StartHour, EndHour, userID ) values (79, 'Construction Manager', '7/8/2022', '2/16/2022', '11:23 PM', '9:12 AM', 79);
insert into Schedules (Id, Shift, StartDate, EndDate, StartHour, EndHour, userID ) values (80, 'Electrician', '12/27/2022', '7/28/2022', '11:41 AM', '12:50 AM', 80);
insert into Schedules (Id, Shift, StartDate, EndDate, StartHour, EndHour, userID ) values (81, 'Estimator', '5/19/2022', '12/12/2022', '3:40 AM', '4:39 AM', 81);
insert into Schedules (Id, Shift, StartDate, EndDate, StartHour, EndHour, userID ) values (82, 'Surveyor', '7/2/2022', '11/15/2022', '7:23 PM', '10:16 AM', 82);
insert into Schedules (Id, Shift, StartDate, EndDate, StartHour, EndHour, userID ) values (83, 'Subcontractor', '2/4/2023', '5/23/2022', '11:56 PM', '8:03 PM', 83);
insert into Schedules (Id, Shift, StartDate, EndDate, StartHour, EndHour, userID ) values (84, 'Engineer', '3/9/2022', '2/9/2023', '9:38 AM', '12:23 PM', 84);
insert into Schedules (Id, Shift, StartDate, EndDate, StartHour, EndHour, userID ) values (85, 'Estimator', '5/4/2022', '2/5/2023', '12:50 PM', '10:29 PM', 85);
insert into Schedules (Id, Shift, StartDate, EndDate, StartHour, EndHour, userID ) values (86, 'Construction Worker', '10/8/2022', '3/31/2022', '4:20 AM', '8:50 AM', 86);
insert into Schedules (Id, Shift, StartDate, EndDate, StartHour, EndHour, userID ) values (87, 'Surveyor', '3/4/2022', '12/24/2022', '9:29 PM', '3:25 AM', 87);
insert into Schedules (Id, Shift, StartDate, EndDate, StartHour, EndHour, userID ) values (88, 'Architect', '4/19/2022', '3/16/2022', '8:20 AM', '12:57 AM', 88);
insert into Schedules (Id, Shift, StartDate, EndDate, StartHour, EndHour, userID ) values (89, 'Project Manager', '12/13/2022', '2/24/2022', '4:53 AM', '10:54 PM', 89);
insert into Schedules (Id, Shift, StartDate, EndDate, StartHour, EndHour, userID ) values (90, 'Construction Manager', '8/7/2022', '2/9/2023', '2:58 PM', '1:23 PM', 90);
insert into Schedules (Id, Shift, StartDate, EndDate, StartHour, EndHour, userID ) values (91, 'Surveyor', '4/10/2022', '2/18/2022', '5:23 PM', '4:13 PM', 91);
insert into Schedules (Id, Shift, StartDate, EndDate, StartHour, EndHour, userID ) values (92, 'Project Manager', '10/8/2022', '7/20/2022', '1:01 PM', '10:04 PM', 92);
insert into Schedules (Id, Shift, StartDate, EndDate, StartHour, EndHour, userID ) values (93, 'Surveyor', '10/14/2022', '11/6/2022', '4:50 PM', '5:46 PM', 93);
insert into Schedules (Id, Shift, StartDate, EndDate, StartHour, EndHour, userID ) values (94, 'Engineer', '8/30/2022', '5/9/2022', '9:21 PM', '8:03 AM', 94);
insert into Schedules (Id, Shift, StartDate, EndDate, StartHour, EndHour, userID ) values (95, 'Construction Foreman', '2/27/2022', '8/8/2022', '5:11 PM', '11:17 AM', 95);
insert into Schedules (Id, Shift, StartDate, EndDate, StartHour, EndHour, userID ) values (96, 'Engineer', '3/3/2022', '8/1/2022', '11:54 PM', '8:49 AM', 96);
insert into Schedules (Id, Shift, StartDate, EndDate, StartHour, EndHour, userID ) values (97, 'Supervisor', '3/31/2022', '3/4/2022', '10:31 AM', '5:36 AM', 97);
insert into Schedules (Id, Shift, StartDate, EndDate, StartHour, EndHour, userID ) values (98, 'Estimator', '3/9/2022', '10/4/2022', '4:30 PM', '5:26 AM', 98);
insert into Schedules (Id, Shift, StartDate, EndDate, StartHour, EndHour, userID ) values (99, 'Construction Worker', '8/30/2022', '12/10/2022', '1:54 AM', '12:19 PM', 99);
insert into Schedules (Id, Shift, StartDate, EndDate, StartHour, EndHour, userID ) values (100, 'Construction Expeditor', '12/28/2022', '7/1/2022', '5:21 PM', '7:44 AM', 100);
​
